user_id,email,password,first_name,last_name,address,current_balance,is_seller,created_at,updated_at
0,heather76@example.com,scrypt:32768:8:1$1cjSrFbYLM682XdI$c55c8de2b5b8d6b572fb0f6431ae650d52c5e77efdf461f2cd05bd9e82545fcf82d393edb6738477a7a9f2a37d6ec6304c86346615d646a48e22665a258b417d,Alicia,Rodriguez,"781 Parker Lights, Nathanview, ND 89924",2877.15,True,2025-04-28 23:53:21.413494,2025-04-28 23:53:21.413494
1,joseph81@example.net,scrypt:32768:8:1$cnBHnFAgK84qVWHB$3229f9fc7ad1934874b85d84e9e69bc5fbbdcca367d9ccf8b2dc44f5b3ee4b7513d119683497c71d884f83d6d3c407d2118e60236eb480d7c99923b3c4f45f50,Dale,Weaver,"43323 Garcia Neck, Rasmussenport, WV 65216",4171.81,True,2024-11-14 23:53:21.455720,2025-04-13 23:53:21.455720
2,imoore@example.org,scrypt:32768:8:1$zWKAJK1ZXtauRPpY$48878f0c2996baf7759d98c5d1e6c9a832ea2c1244aed5eec3c80b9b5e25aec66686525fb1b92e15a029e878e60b69b7bd0d8a0355ae3bdb8d844f3a8817b62a,Monica,Crawford,"81160 Mathis Loop Apt. 545, Haynesside, VA 26860",4563.27,True,2024-05-05 23:53:21.497329,2024-05-29 23:53:21.497329
3,allenmckenzie@example.org,scrypt:32768:8:1$cHb1F2ZwdgenNBcB$ace5dc94e02143fff8b4fc955cfcee181c15473bb339e0d2c9801632d62a31c156093cced656e3f3489a3be92e6c7b1ee54cda9676b342dab7231dc6368867b4,Martha,Thompson,"8151 William Parks, Port Arthur, RI 08151",2304.76,True,2024-08-17 23:53:21.539113,2025-02-09 23:53:21.539113
4,phillip07@example.net,scrypt:32768:8:1$FJXX90IoqSqrMsUm$448304c3b42b4f4f634b3b28179c10c5d64eca24e6cf7dbd3f6c49d587bbd6c269b066336ac364ad6f7f9d646fd9512eb9aee65bbb8c9235fd98b6f3731bceac,Melissa,Brown,"4960 Chavez Bypass, East Danielstad, ID 63243",3324.42,True,2024-09-27 23:53:21.580816,2024-10-14 23:53:21.580816
5,kdavenport@example.org,scrypt:32768:8:1$yGxjEFZUZbFryplS$7a01d90fd135183a95e4846a1b300bed4dd15fc6f66ed1e9f2fe334abba11feeea80777cd68d433af7edd0600b10736ec27a3cdf1e78c0ef52231bd01c74fd49,Ariel,Smith,"226 Hubbard Cove Suite 426, Montesberg, UT 55493",3748.32,True,2024-10-18 23:53:21.622482,2024-10-22 23:53:21.622482
6,waltermichelle@example.com,scrypt:32768:8:1$W85AUjUQlV8dIUM6$ec45958d3bab049fae521658e64c8942e0fa534717b9fd65f11897f33d9b180beac5753cb525534e7ea6a3f4c2fd9801ad9b0bad17e6d897d02ec37c75f7974d,Christine,Martin,"4989 Dawn Crossroad Apt. 753, Lake Rebeccaland, OH 26385",3888.15,True,2025-03-28 23:53:21.664668,2025-04-13 23:53:21.664668
7,wsnyder@example.org,scrypt:32768:8:1$pDLQHfjPIGlMs0Sf$417230a46aa0a2a03617b6ac3ec1ba10359435c6d31c3b715d961db16de68a481e4f1bf14ae07c589a17c392bb57133cc1bc6e15cb428a104b4656ff872eb2e5,Amber,Roberts,"0603 Mcdonald Mill Apt. 218, Lake Tammyland, FL 40856",4818.47,True,2024-11-23 23:53:21.707575,2025-02-23 23:53:21.707575
8,dmitchell@example.com,scrypt:32768:8:1$PS2sgAYod6zSGsCu$83a1883c778ef2779cc1eda20c5456520645d005219a5dc2f3b2c8d62318647618e8c0e44f046934998006b60e9ac1ad5ddd7c917dc3dbb13497d2b388730a2a,Heather,Miller,"PSC 1444, Box 4437, APO AE 38540",2238.1,True,2024-06-02 23:53:21.749686,2025-01-06 23:53:21.749686
9,kellithompson@example.net,scrypt:32768:8:1$c3T0tRiElMxt2Q2H$d6d9bef26a5ce7c1f052634ac050ac9b25a27de6c839ca07bb823d1ab19ac4e7e3045ee4099b33b73786009487f4e6c7b81e3cc015911ab5768ac8bdcf73aefe,Lisa,Webb,"USNS Riley, FPO AA 24419",2989.81,True,2024-10-25 23:53:21.791625,2025-03-01 23:53:21.791625
10,wmorales@example.org,scrypt:32768:8:1$9hUzu3xg5fyk8VkT$4015eba7f17b8dfe53482e9525b221dfcbd5901891485b059e0486dcc96306fc933db4f0af4de37d5c333ab3e649464c48eac8440c6e7d9440c0b0c2f1c0f6d4,Dawn,Jordan,"337 Mcdaniel Village, Jameschester, NM 17885",1408.29,True,2024-12-08 23:53:21.834078,2025-03-10 23:53:21.834078
11,herreraanne@example.net,scrypt:32768:8:1$ScFzczBJW9c76Xrm$35c7f7d1d249ca736f3d4826c39a05fe86879d9a8ad4a0adaaee4e6f3a26879fcecfe6799d9c959c190f8e86decb8f4f2389411ec551ebd4d2f566375d8d3be5,Kimberly,Kane,"68803 Shaw Passage Suite 935, Washingtonton, KS 99332",3041.5,True,2024-11-03 23:53:21.876181,2024-12-05 23:53:21.876181
12,boydjohn@example.org,scrypt:32768:8:1$IoavXA7ofsGytHgw$f661ed21a45f201fefb0cb0e1711287d8e0f1fbbdc376941e815fd2a4e63b54293df52a8114068e7066862258b3b2c8c8b78b0dad4f6ec6ddee767bf2a404957,Laura,Silva,"7585 Taylor Lights, Lynchville, RI 94633",2219.76,True,2024-07-11 23:53:21.918685,2024-08-24 23:53:21.918685
13,laurie54@example.org,scrypt:32768:8:1$RH5M572uZnMJZliZ$73ce19ce8753f1cc77d277685a57635adb7d88f7e10d9596f8da407483cbe7330525667b488fd678db695e52e917cab038fe43dcb3110b59dc93a05902608119,Joseph,Edwards,"05025 Perez Run, Kristinstad, DE 98738",1687.03,True,2024-07-20 23:53:21.966412,2025-02-07 23:53:21.966412
14,beardcharles@example.org,scrypt:32768:8:1$Dky7I4BVM5sufazW$302ed1fd754159b3a1a8ba8b5be55a519b929202029fbb04b6e1ef5929fff5a63f3e4b2024ac56d536b3bb8b3a57d46236fce8019a0c6f268f908835974e8961,Jacqueline,Morales,"04794 James Coves Suite 259, Mooreland, UT 74039",1948.11,True,2024-07-15 23:53:22.015397,2024-08-30 23:53:22.015397
15,ericksonluke@example.net,scrypt:32768:8:1$c9EMWn5i4Iiu41xS$f24338790a1c151156a6e5a2a0d0dc9f2c55d4899fc1ec351562297ab11603299e5d02730cfcfddfe4b0c6048de9f6f3d0f0f30570fd7eedbafa4f3bf8dc7fb0,Lisa,Martin,"4250 Jacob Mount Apt. 715, New Andrew, GU 72932",3688.22,True,2024-05-05 23:53:22.064903,2025-03-27 23:53:22.064903
16,ronald43@example.com,scrypt:32768:8:1$hn0uVfs6RT4qh58f$f0540c4138f69f6d36441244ca874a30ffcfea377acffc5f5ffb61ed67e2ad15872672e5cec15050450a3177ca43191b3e1c9a78500923ab844824992ce2b83a,Russell,Rodgers,"25138 Pamela Crest Apt. 551, Ralphmouth, KY 61054",1235.87,True,2025-03-18 23:53:22.122320,2025-04-09 23:53:22.122320
17,nicholasrivera@example.net,scrypt:32768:8:1$WGrF1g2aZhBFBmDg$66a8c249b63502fade315892a9bf3299020a24c6649d548b9edb10d2c3aefa8631b84d91ddf733e7bbf3c62e02afab5f483af68f717cecf9ada9b22afff86a00,Kenneth,Williams,"PSC 0427, Box 3559, APO AE 03706",2766.4,True,2024-08-11 23:53:22.164134,2025-04-14 23:53:22.164134
18,vhunter@example.net,scrypt:32768:8:1$QCa2WFmHg89S2aOE$890ec15026b7638f3242f2c5d90502226eb6560cd4bdc209146fa127f39f3998e19ed3cf35af387aea6bde5c28a52dccabef156d5e2ebb44b2ccecfa671a5a9d,Nicole,Crane,"900 Jimmy Prairie, Lake Jose, NE 53859",1624.4,True,2025-01-20 23:53:22.205805,2025-03-14 23:53:22.205805
19,rtate@example.com,scrypt:32768:8:1$HL7BRjBsKDsI3icv$2a7e3fc8204638e1695924b764f09081572eabae6f9a83384e43892791632a0602d300ac8dda77ab234f4c996d8d3608d1ed8910fd0b4c2fbe51a464328d7d40,Robert,Santiago,"4075 Rhonda Mill Apt. 652, South Brian, WY 82228",4265.58,True,2025-02-22 23:53:22.247858,2025-04-27 23:53:22.247858
20,carlapierce@example.org,scrypt:32768:8:1$S53GpABHa91WBWA0$6a237fdce005c93e46578e1f3a1394219a028ff5925f3977c947a05561076d58cdc596c8aa223b1e4d3e81b64ba1dd649626afa2981dcb34cbf63f2beac075c9,Randy,Caldwell,"52319 Figueroa Villages Suite 535, Troymouth, NH 10614",2129.56,True,2024-11-24 23:53:22.289659,2025-04-25 23:53:22.289659
21,jimenezrichard@example.org,scrypt:32768:8:1$UaB8zAmX35C4RGJ7$d076dc583934e7598418338a677fbfd4f73d708510374814dcff0e8f253565f97afa214c251e6d6483407a4b1908a769141c204fa47c35bfde968a680251b32c,Brenda,Mcdaniel,"01274 Harris Route, Jenniferton, NM 44994",2088.16,True,2024-06-20 23:53:22.331936,2024-09-27 23:53:22.331936
22,robert04@example.com,scrypt:32768:8:1$4xvSevnna4dPFZ1z$0a8a27226e11a819bfebf615545954036c3096a1821ee56599c94dc29b868e7d5cd909191d65d4cb359c908447210a7265ca3f230e7447c73eda1f11a80b270c,Rodney,Torres,"703 Craig Plaza, Juliemouth, PW 68555",4979.89,True,2025-02-07 23:53:22.373718,2025-04-11 23:53:22.373718
23,luismichael@example.net,scrypt:32768:8:1$9bP86xYgV9ToAiRr$233f57f2132a82a493e04c687c770c55e8e9ee1d62463b15dc72ed0e1b6f52c5419db684e0789bf708076476d4fdf16987cc99cdecf00c69c755d7bf6c95ecc8,Arthur,Collins,"777 Robert Neck Suite 581, West Bobby, SC 31563",1580.76,True,2024-06-21 23:53:22.415861,2024-06-24 23:53:22.415861
24,qwang@example.org,scrypt:32768:8:1$IPTO5OWddvcrq2VG$6a4983f7d9c489e06a666582bd2672131c055f2de480f683d60236c7cf11ea4058fc484b31bda3a22bc415ef3a9251fb47f48aad69977fd13bc1ccc71b5a1339,Tyler,Carter,"Unit 2112 Box 8061, DPO AP 39694",2381.29,True,2024-09-10 23:53:22.457786,2025-02-27 23:53:22.457786
25,erin63@example.net,scrypt:32768:8:1$afGkRAoGTBAJh5Z3$255dcb4b3395ac8bc5302fa3ca9c02bf69540562c015b6b8eb29378beff2f8f225691960bc1342eda636dd5871a8fb052f4827d311ca2b0fce870c0371810d42,Nicole,Dunn,"82627 Jason Forge Apt. 013, Marshallmouth, AZ 09700",1240.46,True,2024-09-04 23:53:22.499654,2024-12-03 23:53:22.499654
26,michelle82@example.org,scrypt:32768:8:1$JgCTjdqHaLWRF0XU$de1dcee72e5010d8baab3b753a11851a30e0fad0ee4d029e7b366161ac2b0f594db48eb70c2fc105d86c8b6421d197076d3bbed4a119d8128ae3101b38241d38,Kelly,Coleman,"64534 Reynolds Bypass, East Paulfort, UT 95452",1703.05,True,2024-08-20 23:53:22.541404,2025-03-02 23:53:22.541404
27,emilymurphy@example.org,scrypt:32768:8:1$5w3WcMKS7nBn9295$0b571be09b878579b2398b4df0f666162dd9e84b07271bc42e387bf26e18e964baff4374793abdd19c36b353e30fa943b3bf859accedfc7034ff5070aece906d,Tonya,Berry,"38635 Scott Drives, Kimberlyburgh, NH 47187",4048.27,True,2024-11-10 23:53:22.583396,2025-04-21 23:53:22.583396
28,mike82@example.net,scrypt:32768:8:1$weBydc8Q7Czg0pCU$29cf591f7ffecbce32747faea58e7734e4fa202a059868eb9b1f56f37e0b37ab73fa4cf701b1c63432f196193c8219cd5dfbdb1cad374617e50a3cb71f8fe508,Elizabeth,Keller,"2792 Ramos Mews, East Carloston, OR 58777",2852.9,True,2024-07-22 23:53:22.625263,2025-01-12 23:53:22.625263
29,mccartyjessica@example.net,scrypt:32768:8:1$ynxW0oWtAUNoqDSg$3aa7954aced025f611022d1c4f7d4878cf7b6f46a04a8e38f9609ac1ae123b1b41bd93bbc6d50b9c1934092ae6941f91b6e952f203bdd500be80bdd95b6e66e1,Matthew,Patton,"468 Evans Pike Suite 409, Wilcoxstad, NY 09005",1869.56,True,2024-05-17 23:53:22.667163,2024-12-11 23:53:22.667163
30,susan25@example.com,scrypt:32768:8:1$L6KQme63FOI9RhEu$e107851f1aba1701f0f4bf3871ffbeb06856c8608e423a986d4211b304c2d5554659ded659af35fa9015daf79d0fc6b5d9ad88dbfb5e02b4a431323078be6665,Shannon,Mejia,"65953 Pittman Vista Apt. 886, Dustinland, DC 60068",4038.53,True,2024-10-22 23:53:22.708992,2025-02-25 23:53:22.708992
31,masoncurtis@example.net,scrypt:32768:8:1$AzoxsxGgzmm39w3n$06aac2d9fab02c1ce93af2951b9dcb373916a2da00963f756d03cdfdd230cd6abfebdcc46af0bc9a0a7d1375eb3f2e9ffb22a6104a7c0d76222fb84e40644770,Scott,Murphy,"89881 Amber Orchard Suite 385, South Matthew, PW 03043",2188.41,True,2024-06-30 23:53:22.751034,2024-09-19 23:53:22.751034
32,jennifer74@example.net,scrypt:32768:8:1$kOUvdpLrBq64Oo9o$79f20f6de64db721ea757b21708703aa52bd4fb0660d464410cbf12e58faf6ccb92f228ef1ea5c02070b50d57389f3112165989a1362544c580ba2938ea6a478,Michael,Hamilton,"636 Eric Extensions, New Bradleyfort, MN 42155",3077.58,True,2024-09-13 23:53:22.792937,2025-04-01 23:53:22.792937
33,cheryl09@example.com,scrypt:32768:8:1$D4nnbAwhgQq9LRdl$6f02a11310b0907b6991741fb18680d1bee3ae94e9b20071dd50df5bd4ef264e83d16b81e7ee84c7785acf0dfdec8aa3f3fbd0e7f69a2fa7b07b9ac585082775,Eric,Clark,"5615 Jennifer Neck Apt. 826, Gallaghertown, VT 01453",3714.99,True,2024-06-12 23:53:22.834656,2025-04-11 23:53:22.834656
34,owong@example.org,scrypt:32768:8:1$w3T555QQ31cRGYaw$b7b335bef6289bf64e47192e686b9803d0483b93ea4fcc6074ebb3804b89df101e87e5df6eee74c09b422f0db9e606ae2f1481eaf59ec900d2017140501b2087,Christopher,Wheeler,"5036 Tate Loop, Kelseyview, KY 08738",2796.88,True,2025-03-19 23:53:22.876404,2025-04-21 23:53:22.876404
35,bryantalicia@example.net,scrypt:32768:8:1$e5hEBJsCaPC1wBAK$fdddc0a8b55422919127755a92a5781e306bca3ba5627c641cdc7b752b3a524b5171b12f82f7351ce715be1c5ac029e3fc44ba77e6601752aefeff3e57c08a8a,Chase,Coleman,"15153 Joshua Island Apt. 643, Morrismouth, IN 46161",1866.96,True,2025-04-03 23:53:22.918542,2025-04-14 23:53:22.918542
36,mbarnes@example.com,scrypt:32768:8:1$7GBvSjEYOcck1OOr$7dd37b704a32993d92a129ceb0203bcc50c1e70cd161d218b5a4babac636bbd08a8a4329f73d76ab06944add0e869c2380cb8abd4a9075ca61feb738a195458d,Shane,Mason,"8424 Susan Locks Suite 592, South Bonnieshire, LA 35411",1716.15,True,2024-08-06 23:53:22.961101,2024-08-31 23:53:22.961101
37,eharper@example.org,scrypt:32768:8:1$l1yUel27mU02zQue$d33db6f4e963c764ec07192ee3783c017cb2a9fd349c159b0edbddc7de116b68d06e7ce54ef4090ef2f94975851ac2ea1b43c674237cfc91c88c3b46da12ca20,Diane,Allen,"0046 Justin Path, Wilsonhaven, UT 80649",3477.84,True,2024-08-18 23:53:23.003574,2024-12-10 23:53:23.003574
38,john72@example.com,scrypt:32768:8:1$MJmE1jAczxBtsWvO$1d9ec7e1ef4cbce61988deefc5c8994fa6b3699d19f480c67e8f8b1b0dcbea528640c7ba4012747b82c0f3211741062c50da2b7b58cf054eacbe615a89e4b21d,Micheal,Reeves,"Unit 3101 Box 3464, DPO AP 08865",4052.0,True,2025-02-25 23:53:23.045258,2025-04-22 23:53:23.045258
39,fbrock@example.org,scrypt:32768:8:1$N6v7MqsHxRW4cn9t$a70141a2c8e37a28d6b86e4bd2e30ea41c4f5a2f4ae3fb50223df778cb49dcec9a9c5cb80e91e7fae23cb18c5d1ec15f26b6a4557dd0f32de2751b3cbaad5127,Hannah,Haas,"347 Anne Way Apt. 984, Paulburgh, UT 93817",4790.23,True,2025-04-27 23:53:23.086999,2025-04-28 23:53:23.086999
40,deborahsullivan@example.com,scrypt:32768:8:1$I9bMQiZtmpIhyE4W$362e73201957fd7a42b27b563b02eadca448e3818eb5a03c1206495ac4aa424fca521e9a943c46486ad83c5ee82c5a93619c622976ecc31a6afdd1bad4d48575,Erica,Oconnor,"43266 Heather Mission Suite 209, Port Susan, IL 99354",1217.42,True,2025-03-10 23:53:23.129367,2025-03-23 23:53:23.129367
41,christy27@example.net,scrypt:32768:8:1$fdU9SAJm9GyQDhQj$05f260317a8f51fd01055a3ce9f6ce9cdbac04909b6d511082feb8d29312a3571ccd8aa2f6c776aa0913132653ccbbe96ebbbecb9b465475ceeebc258ca2ff99,Colleen,Faulkner,"541 John Haven, Melissafurt, MA 31715",3634.62,True,2025-01-16 23:53:23.171136,2025-02-26 23:53:23.171136
42,lpruitt@example.net,scrypt:32768:8:1$zVQuKmQD5qnM1Oif$6ce2f2f688a510b5de6e3f51d98dac45fdfd2a0b632fb045b17eaa9e77c763a67812589566005752f40ba600a455be0149fc2d1abe1e94bc274b921049e35576,Theresa,Evans,"50720 David Oval Apt. 740, East Edward, NY 20459",4354.71,True,2024-09-11 23:53:23.213043,2025-01-04 23:53:23.213043
43,rachel81@example.net,scrypt:32768:8:1$tUweRUdSReqFzJoQ$d74e63c9a0f1c38b1e4d2b61c154feb38f9c8630d0dab2843cda86a91974768f53285bdad3d1880d2d1938d2f2abba031edb5293cd981c68564f387a85bab646,Kathleen,Wyatt,"35095 Joshua Route Apt. 489, West Jenniferport, IA 71110",1075.01,True,2024-08-28 23:53:23.255138,2024-09-05 23:53:23.255138
44,chloe24@example.com,scrypt:32768:8:1$8y3KfFz8lBnMAAct$9383a20e021f31169db54103fbed47ac7c0e641dd1a9996b66a0eb5e6b61d52625e5654b9a3c0434ca7ed7eb4a477eaffaacaec8520b08c6e514acae2d245835,Ryan,Rivera,"7406 Trevor View Apt. 425, Monicastad, WA 15714",4189.86,True,2024-09-24 23:53:23.297013,2025-01-25 23:53:23.297013
45,maryedwards@example.com,scrypt:32768:8:1$AkrQYyxBmBIihSaA$382dd6e79092f307ba5f2852dab5f26042dfd3c081fe62669094936450fee2aa74b1111b824beb4d104ee4390b697cbdd6b0490b92b4b44d0adcdcb15fa21e32,Troy,Hughes,"695 Christopher Roads Suite 147, West Davidstad, MH 17521",1079.81,True,2025-03-10 23:53:23.338850,2025-04-08 23:53:23.338850
46,jamiecole@example.net,scrypt:32768:8:1$9GfRUrP7CK6KSN4Y$64b30ccaf69c72b2074cadfbe81efa95a8fc9281e621220aaaf9646d96db2b4d723c1e49882e94dead93aac3343fac1bd630cba73b6a2db588aae603b5a76f49,Joseph,James,"Unit 0690 Box 8427, DPO AP 41174",3113.75,True,2025-03-20 23:53:23.380902,2025-03-25 23:53:23.380902
47,sarahgill@example.com,scrypt:32768:8:1$Tjb0eAxBLIAZfCgb$917e2bf1efcec4a8abc05ab7ff2993959976cf201142d54c25d08c399db1752a77205c4c9a70203c6849d11b4d839307ebedd5133d499d665c16069c9e6d2334,Katelyn,Anderson,"USNV Garcia, FPO AP 58316",4607.4,True,2024-05-20 23:53:23.425168,2025-01-19 23:53:23.425168
48,brianna03@example.org,scrypt:32768:8:1$H8Jjveit1YdtqPdM$7663f198ba05ef15ea95772d23d462ce3545abdc6d7ea2ab03dee167feee4a0373cadbd154d33deef2e66fb8f224348d06708b868a77e4a77d3591f1da516c9c,Christopher,Chambers,"050 Robinson Landing Suite 580, East Dylanmouth, NH 51061",1526.85,True,2025-01-14 23:53:23.467540,2025-03-12 23:53:23.467540
49,tmiranda@example.org,scrypt:32768:8:1$qDyJjjyOdTsrLIiB$e48ca04578b72910f5d9209a13283e2828530a40cc4016b8c20607dc92ed53a37193048c12cbb43b342cc858adf3e744e879cdcc3967f61bd548db7488de8d43,Stephanie,Thompson,"810 Robert Points, Charlesmouth, MT 10973",3835.54,True,2024-10-02 23:53:23.509143,2024-11-14 23:53:23.509143
50,lambertkrystal@example.com,scrypt:32768:8:1$YPRG2dbY72qqowox$b8e2d578374287d4a7e9bb16a4b48c179ad6fdfea02acc4e5667de67f5f19e4eddfdc8db46940c3a417ca73045d8ff044f533d03da0b93b14ef87fb0b78e0fed,Timothy,Ayala,"8959 Hart Tunnel Suite 174, Frederickhaven, IN 43898",3710.27,False,2025-03-12 23:53:23.550951,2025-03-31 23:53:23.550951
51,andrew05@example.org,scrypt:32768:8:1$CU8ebkiIWBph3WYG$f978f9c14d4ab1d9487c57ea30efe1a6d48950b41b36f39d088951bb261c10200359d6b6f0c16df449d1109f2d832a4dff79765eb7acb9fd4102bafddf5145d3,Veronica,Smith,"59983 Wilson Keys, East Amandaville, MP 16525",2331.13,False,2024-05-31 23:53:23.593015,2025-03-08 23:53:23.593015
52,josephmurray@example.net,scrypt:32768:8:1$RtAgdAyWXEmqoaKT$6f72eb5e776686a1c81e22e57226879ef5d690d7465ace9819011dbbb763f0d8289821673c154645661339c9e3c364c55be4506af641ab1ae8991436a26b317b,Brandon,Porter,"9835 James Mountain, East Patrickborough, LA 04675",1730.27,False,2024-11-30 23:53:23.634857,2025-01-09 23:53:23.634857
53,davidadams@example.com,scrypt:32768:8:1$mw6GwErMNpw2PzR1$b85d3871b4428d80beed1da9f1f25834ab940a872650102b7a08ce457fdf6bfad3040ac126715936ed58b6ca45f6eb56c30610d12effe680c77f952647c629d7,Jose,Conner,"Unit 0507 Box 9878, DPO AP 32300",3671.54,False,2024-09-21 23:53:23.676781,2025-02-26 23:53:23.676781
54,heathaaron@example.com,scrypt:32768:8:1$WOXTY0Td6V89DKHX$28f582b86da39e303ce14ce9f2b9e5ef5fb9729aeefdeaa1e9b167600e46b651af4af5d9a69679e3f3ecdb41f410dc940501a5a37c872bf7236669139856cd13,Jessica,Ramirez,"0327 Teresa Skyway, Kevintown, OH 40925",2483.29,False,2024-09-23 23:53:23.718640,2024-10-15 23:53:23.718640
55,douglas28@example.com,scrypt:32768:8:1$QPElkQRRv1PzXzkx$2394937951e0f94095ece15a8655a1407365ae5450b245dd33605828d63f8b179e1dbb57be43738fd570e133d582c27a81d233b7fa01fe1bc6e47962cb279d7a,Steven,Barr,"834 Roberson Ranch, Greenetown, SD 65185",2792.3,False,2024-08-22 23:53:23.760399,2024-12-23 23:53:23.760399
56,mcdanielmichael@example.org,scrypt:32768:8:1$0zTq46IwHoCiya5N$49b5d36ecb7cd0de3be91ee2b754247fbbd2b3052ff83d448d8a80ff0ca2d008a20111681f330e2e1e278a934cf74f8164cc08173574c2d8e748117135aa30cd,Rachel,Fleming,"98472 Andrew Junction, Jamesmouth, AK 50452",4481.71,False,2025-02-11 23:53:23.802291,2025-02-16 23:53:23.802291
57,wilsonthomas@example.com,scrypt:32768:8:1$zm15Zg0c2qTciyhc$65ae2e485998d1806bc839d6cd2183c4554c47a964663fc48171018ccd5b6c00e0c054675f9cbc9fa18066fda41bf46cf171fadbc8dad7b653fac9833eec5246,Steven,Zhang,"773 Johnson Vista, Hamiltonland, MT 64496",4695.7,False,2025-01-28 23:53:23.844632,2025-03-12 23:53:23.844632
58,nicholasnorton@example.net,scrypt:32768:8:1$kKvhRGGEX0TOymPJ$b2811238fa7ce95628c00b46fac848b3fdde20d8027d9a6017359f92677a69087e0dc19738546b84ca07d88dc17eb01ae5f0eb2c4cf5fa62594d416b0ad3aed0,Caitlin,Brooks,"703 Sergio Extensions Suite 160, Williamshaven, FM 74275",3043.96,False,2024-05-01 23:53:23.886222,2024-10-09 23:53:23.886222
59,nwilliams@example.org,scrypt:32768:8:1$laEVmTiZ3PBR4btb$0a4a9f51502345cde6324f64d0fc172806eb7ed9b46b6f76ecd8063deebfc5e2df231a1beab0f3c2586bba8849476821dd03b54ae61ad4b2b8d026a140663fb7,Amy,Bryan,"7318 Brooks Ramp, Whiteshire, AR 89713",2041.75,False,2024-08-31 23:53:23.927900,2024-10-20 23:53:23.927900
60,jonesjoshua@example.com,scrypt:32768:8:1$5JMIbf9wUPr3yF0S$d8365d10ee3d8c22006922c6c7284bccfeab3a7aeedb72a20862b7ad349c77599d7c32054d53da942ce1f22ea16e5daedce6b8ef8bf47edb70733330b8b29f4e,Thomas,Johnson,"69535 Martin Gardens, Lake Eduardohaven, MN 18406",1576.25,False,2025-03-08 23:53:23.970057,2025-04-12 23:53:23.970057
61,mary47@example.com,scrypt:32768:8:1$vvJh8AjWLWwLcMhi$b3534eb874bb04490722223698e8eace0148c2d9207824b7691d24539a80fabd1e19b63a009dc376f97aff22eb9303430684c27150e8ce6a781c24a08d467a8f,Christopher,Middleton,"9010 Colon Haven Suite 020, South Kennethburgh, DC 10882",3358.98,False,2025-04-14 23:53:24.011558,2025-04-17 23:53:24.011558
62,rebeccawhite@example.org,scrypt:32768:8:1$jQkZ3XXfa6XwvDRl$cb297936173ee17320597720b11e43c2404abf9ba1e6263607afe253072d89f0fc76099887e18b060f51ff441f8d1cfbf7769e0292ccbecc62bcf80f118f4c66,Cynthia,Stewart,"0874 Peterson Parkways Apt. 993, North Joan, ME 98673",1135.34,False,2024-12-24 23:53:24.053123,2025-04-19 23:53:24.053123
63,baileyleon@example.org,scrypt:32768:8:1$IG58sfH6MLiScOxT$50f4001d46b1f8badd4b25eacb1a4719d2e3cf20b1744d91171212733c3d2522ad85f16f678365ddc114b21d6b2191f00fe34f6543092232528709122f03c8ac,Kristen,Smith,"12807 Andrew Heights Suite 018, Reesemouth, MN 11919",3077.47,False,2024-10-21 23:53:24.094611,2025-02-14 23:53:24.094611
64,tylerbecker@example.net,scrypt:32768:8:1$ecArqPQITwcoOZ6p$1c39c60fa2a1a2be0c78ace0074af93c618038233431bbb564a2350c320a43e79e933dea4488b163dcc636862f4b9270a85e84ebdd05e94389a2833b3df653f8,Daniel,Jimenez,"586 Norman Harbor, West Anthonyside, MS 02282",1777.55,False,2025-02-08 23:53:24.136420,2025-02-13 23:53:24.136420
65,alexander64@example.org,scrypt:32768:8:1$KvPcspySA7a4XatH$26fcf1e9ba5b44f7ab5e244bbf25ec36260d77de8661cfd9cd57cd7a801d0d4e5068e33097281ea33c5993a38ab362eec3f187babdeaab77fcfb07ac4b568236,Anthony,Reyes,"291 Amanda Fall, South Sarah, NY 13179",2777.53,False,2024-09-17 23:53:24.178497,2025-02-02 23:53:24.178497
66,joneskyle@example.net,scrypt:32768:8:1$0ZsUVdig3CQXoI6P$c8aed1fac6989bd30d9f41095ec3672c4d0bd502bf2c9968a66c44358d09027b91ef5823cd9f4a569a75825c5f1dbc0c13ec47d959e9cff53fb1bd7ef13f72cb,Jennifer,Gonzalez,"7596 Kerry Key Apt. 204, Port Feliciaburgh, VT 43416",1063.21,False,2025-02-10 23:53:24.220174,2025-02-23 23:53:24.220174
67,shortcourtney@example.com,scrypt:32768:8:1$Nyx8xBiLIXh7DBqY$9a71f4e020b1a79d32675c8038fcf5a1d2802ef5c124461743cb21843809eaa6eea10f27fbbbc8b580161aa11baa6947b5f901efee9214e0e8cd244420f5d876,Johnny,Scott,"15109 Heather Well, New Craigshire, CT 01208",4123.89,False,2024-12-13 23:53:24.261861,2025-03-04 23:53:24.261861
68,ohansen@example.net,scrypt:32768:8:1$o3sGzPnOF4yXxaPt$461616261c40e043199d4f30b4c842f8aabe3bdf688c97212d3e9633fe7a7f61c4cfb4002b3a33941599890eab14fe5a25a4dc777c459a21c63f6a759c0e94d0,Shane,Munoz,"56644 Chad Hollow Suite 564, West Williambury, AK 69479",2201.52,False,2024-05-15 23:53:24.303658,2025-03-16 23:53:24.303658
69,cwalton@example.com,scrypt:32768:8:1$REbpMsLndKCqJN6c$345fe782f9e7b8d77820fa4aae6f99a194601df1d3a42d4788530bfc28dd9c0762f0b038043790c4437313d98ef205a2269995c797a1845ef34eb7a5807a2e1c,Rodney,Stewart,"785 Olson Rue, Kyleport, UT 95820",4618.14,False,2025-04-23 23:53:24.345238,2025-04-26 23:53:24.345238
70,jason06@example.net,scrypt:32768:8:1$e21dUdcM5CvZR8X6$37094eba8a4d046e642eca5ea743fb5263271f49a591f3ca2b71b141792f86fff968bb6d12f4c6afaa4f9c4c2e2d90a6fcaa3bab381ba5bdf081801fb41fa3a0,Sara,Walton,"01164 Williamson Loaf Apt. 607, Angelaborough, NC 33000",3583.16,False,2024-05-14 23:53:24.387142,2024-07-19 23:53:24.387142
71,anthonynewman@example.org,scrypt:32768:8:1$mLvvaOeGDZ2pnCzT$33b82aee43100952e95c7c353b83877451627bc6eca58c446e0a7b80e6fc69e21d5e37550ec370c9f083413b67bb7f3de3af3d90114795b95d80458f29f5edf3,William,Hall,"9496 Harrell Lakes, Gibsonton, ND 99412",3308.74,False,2025-04-09 23:53:24.428703,2025-04-20 23:53:24.428703
72,hhoover@example.com,scrypt:32768:8:1$EHrTtSudyrN8Q1ph$063ad78d26cc87b5346f9582611a40a0efe4134a3466ed2dc818a944d1e0e470fce8a3f95c1b57b4e2f70bb582de4861ad3cc9da7c4b91b11c06e9dec10241be,Tim,Johnson,"822 Christopher Ranch, Mckayfurt, VT 31314",1722.46,False,2024-11-23 23:53:24.470591,2025-02-16 23:53:24.470591
73,johnsonbrian@example.net,scrypt:32768:8:1$Eg8LQCVpGIjKwBej$1466693d3e98955eec9d18e4d9d73d0879ef553b7cb4514a0e356f228ff9b89badd513f5f453244fad2ed24235676c20fa411477c42d673b7407c5f6e99d1afd,Kristen,Galvan,"2896 Madeline Loop, Wilsonport, KS 80593",4084.86,False,2024-12-28 23:53:24.512361,2025-03-15 23:53:24.512361
74,todd69@example.net,scrypt:32768:8:1$qVU5NDHTFYvZ7FYI$7b09c789a6ca9d51d9ad514f02d3a5356dd42f7fb89f257b09940b1d095e7920a3e547476f1a421b3082a47e05e8cc879eba184e4390695e1a9263da21758c12,Jennifer,Cantrell,"6647 Amanda Parks, South Danielchester, HI 58730",3787.83,False,2024-08-25 23:53:24.554077,2024-10-09 23:53:24.554077
75,lroberts@example.com,scrypt:32768:8:1$i9MQNl9nCm08g2iU$9c7816ffa86af15fae6c1f739edfd30b2ec70cfda63234ff210114df772088d597bcb4f4c8754181b8043a205e38651c5fd38ecc75788666f965b928c007a13f,Ann,Harrison,"60704 Hood Manor, Rosehaven, OR 90079",3498.85,False,2025-03-23 23:53:24.595633,2025-04-12 23:53:24.595633
76,davisjeremiah@example.com,scrypt:32768:8:1$YSBjtPPUJly5OAxN$8d8d3b7982b8d5999e2d7645f0aa8ad7e08b00bfad05c6ecbd50368bdcd73985e239a00e584d48f10952efb1e43157f1809bd82aa3c65f308947afbf48b38597,Luke,Gross,"7516 Sosa Mountain Apt. 955, North Alexandrastad, PW 88075",4624.97,False,2024-05-13 23:53:24.637435,2025-04-07 23:53:24.637435
77,james40@example.com,scrypt:32768:8:1$8IURFDwVVBRaR1z7$13efc2e52b77d957bc5cb27977c7d19a47eedc52cc832f3f8c70f4b8bcfb31b4553d004e08d9a8001daf831f77c7587c7bbd46da29ff0240f6b2d4ee16aa26ed,Tyler,Kline,"50975 Angela Forge, Weberville, TX 93109",2757.5,False,2024-08-03 23:53:24.680798,2025-04-09 23:53:24.680798
78,jonathan89@example.com,scrypt:32768:8:1$4cIsr5vvTO1IGhWy$b2107fb41cb2d339644ca6770a99be6e23db0df214f9b84245e520dc4630b53812a960aee0b4d8b0fa78fa249cfb7b7fe6ad43a27e9eda6e42931062e39811eb,Kelly,Gutierrez,"8793 Hall Turnpike, New Alexstad, NM 17130",4171.02,False,2025-01-27 23:53:24.742902,2025-03-02 23:53:24.742902
79,cameronkirk@example.org,scrypt:32768:8:1$Ds7u1aWlAH6ArOSX$ab2ce2973ef4d21fe03c7c2528bf822d13d46985f614504e6493b01490f36a3a95bcacf0bf287a80b6a7cf0df3365a137b51ae294c4edcb32326782049f8e0bf,Donald,Price,"48129 Cameron Cliff, Woodstad, WV 61689",4487.18,False,2025-02-03 23:53:24.785598,2025-04-16 23:53:24.785598
80,ricealyssa@example.net,scrypt:32768:8:1$U5LbqoPtBCiST9ue$b7bb5ce12654e9329bd067e6741e5aa29c93d98a8bd6c9e1270e1904900ee0ce785dcc5f6af5f3c703129965d58b22630addbff154d2b2a7471b9e4c7fd3ec3c,Alyssa,Parker,"6553 Roberts Islands Suite 999, South Abigail, MO 73654",2771.95,False,2024-06-07 23:53:24.827577,2024-08-19 23:53:24.827577
81,david53@example.net,scrypt:32768:8:1$u1kUPTdLcSqASQOG$a7bfd47de0e1fa94292cdf864ab873e65e1ae03a4e1663a2caaa83d51c35b0eefb2c36c32e2f3a4c941acef9db393a56033f164bd9d3304cec92acd36973e908,Tony,Solis,"405 Jill Canyon Suite 846, South Austin, GU 99392",4249.17,False,2024-12-18 23:53:24.869578,2025-03-31 23:53:24.869578
82,michaelmendoza@example.net,scrypt:32768:8:1$iX0pMr7pV1psCtjV$50b3df83d55c6ccf4ec57cda4580b194fe1a8c5ee4d091ef3be29077eb86325e5c388c0b19042f0d0c0879aa036e013b00a2be4a7b26130ba5496ffb8b414996,Brenda,Chambers,"98381 Joshua Roads Suite 770, Bakermouth, AK 89511",3831.53,False,2024-05-06 23:53:24.911533,2024-07-29 23:53:24.911533
83,matthew01@example.com,scrypt:32768:8:1$sSPQXGvuVAEeFUBH$3fb1cf6b465305a227459bf60a4938c5a5568e30781d2e56d258f6323dc53d89063d30698c83434bf00e504edc054498f813ec911e5bfc4f489932420f6996ac,Nicole,Gomez,"088 Becker Heights Apt. 387, Sandovalside, PR 44286",3574.99,False,2025-04-08 23:53:24.953683,2025-04-08 23:53:24.953683
84,blakeross@example.net,scrypt:32768:8:1$KGHNg5X9bONcGAsp$5f0b61cb07216018d2551dcd73eaa71698b055a1273224027185e8615c19bb286b3a39f207bed93fc2e584473cf77f65475e21d07438235df014a36e72d0be12,Jacqueline,Potter,"78295 Bonilla Fort, Danielmouth, NV 66124",4327.77,False,2024-05-21 23:53:24.996250,2024-06-13 23:53:24.996250
85,meganbarnes@example.org,scrypt:32768:8:1$UykUgOn9dOtAxNqq$cdf8e69cf609289f3014ae6cf94c3695456f39d8a14222269ecf6e446f1ffd2b4d43cdf7100375b34e45f463ec9567f9ee8da585a91bf846a4f7314f428a48c8,Roger,Estes,"928 William Street, Lake Joanna, MS 57045",2717.91,False,2024-08-20 23:53:25.037896,2025-01-09 23:53:25.037896
86,danielle73@example.net,scrypt:32768:8:1$Rq3UAZYJZ8amzOcr$7bc94a5f0bea7b59ff80adb7a018e3b1376d03e791aa169d3825545984e57b6aac55417b174649ba816d224ec77097e3fa065c4b0f7b805b517685be3ee23e27,Allen,Alvarez,"55457 Daniel Mills Apt. 241, Lake Joseph, MH 74505",3445.24,False,2024-05-24 23:53:25.079343,2025-03-19 23:53:25.079343
87,cwilliams@example.net,scrypt:32768:8:1$I1QXZZEAY8atqQhX$d0a29d5c8513b21d34211677ddab39700c38f8b3586787cfa37996568c664d427fa8010b855e4c5bb1203ca6326968733148253fec41df5d0e37feef7994ff29,Joshua,Moore,"35592 Stone Trace, Wagnerfurt, CA 41017",2493.5,False,2024-06-26 23:53:25.120956,2024-10-31 23:53:25.120956
88,smithchristian@example.org,scrypt:32768:8:1$0ZdO4Voyi5vsi7Pd$eadceffcfc5f2954f98940385061839c3a0cd0d896f9e8b6a42658f8c614a9dcdafa1ae8422b3e6fb536f536749502bfa79c5033ef509261ec44152de16f2cd9,John,Reed,"84456 Anderson Roads Apt. 025, North Nancychester, MO 37086",2255.83,False,2024-06-09 23:53:25.162936,2024-06-14 23:53:25.162936
89,stacyholland@example.com,scrypt:32768:8:1$X55IwDtzR2VZq5NH$e3bea4c31d6cb0f9f67c8caa843d4d566aa77fefad40bebcf8ce7f4eb6e31afa6bf8d962ffc689397b826dae0414aa300810d99f5eb16647c21704290c265da7,Alice,Henderson,"4215 John Knolls Apt. 009, Williamstown, NH 64122",1631.17,False,2024-12-02 23:53:25.206395,2024-12-15 23:53:25.206395
90,lindsayjones@example.org,scrypt:32768:8:1$jSYZrIFIB79KpQoB$bc9965011663214ce93900cf6ea2be36419af077b5e6243d4dbef8f32c3e35e14c6f1d5b3d65d5409ff068161e95529190bfc4297772f495a067e0c43a0811a5,Hannah,Wright,"35358 Melody Shoal, Dannyview, IA 49253",1463.34,False,2025-01-14 23:53:25.248713,2025-03-31 23:53:25.248713
91,mbailey@example.com,scrypt:32768:8:1$Elzl6WWI6nN0OuMa$2c12f962f22abc19fbb6c16a863708d334737deada90a5102b98ba50cdc4588d853e7de7d5d9c3090952da39cfb28df3c98e2b0a39103d6d636e78a904fdeaf4,Jimmy,Wu,"3823 Foster Summit Apt. 839, Marybury, PA 46189",1930.05,False,2024-05-23 23:53:25.291287,2024-10-04 23:53:25.291287
92,stacey77@example.com,scrypt:32768:8:1$Jrpfn7n33zuk0slO$9626d4e6a3aa0f89b186e153208cab27fa289d7acebb67fdef6d94f14822fe71c0b7813d6384adcc969ae531ec5576510c235cff5abcbe9eaaac0b671deeef58,Peter,Williams,"924 Joshua Ramp, Port Tammyhaven, WI 10433",1456.15,False,2025-01-02 23:53:25.334027,2025-03-20 23:53:25.334027
93,knappkyle@example.org,scrypt:32768:8:1$FIMRenfcSViHtiS4$d859638aae3b204ae7b9525d98b9cf764b8ec1a21412d12eb0bfb52ffd770467e0351b3414c034f1fe2e738af7e02638028a93ccefe758cad35930156805f196,Ashley,Roberts,"Unit 7421 Box 5694, DPO AP 50171",4429.3,False,2025-03-04 23:53:25.376630,2025-03-09 23:53:25.376630
94,stephentaylor@example.net,scrypt:32768:8:1$ggJ7BrO7XpRHQvN5$f793e403b17f8e91d1ce9ce4ff338b0fcae48cff75c75115261b5bdcdb8da962b864527f71433b65f0fd66d97310022e2cbc2e2adf76f99c3facece0a5cc023d,Sheri,Coleman,"2463 Barry Shores, Sharitown, FL 67977",2822.91,False,2024-06-10 23:53:25.419557,2024-10-01 23:53:25.419557
95,gonzalezdanielle@example.net,scrypt:32768:8:1$j6jkZPk4XANjCwSe$859551a5c66775d07af42258575631457ff3ebf0cec575f029baeaf4df527100d9a10fd88192367cc1f5a9a4b72a3ffa66f636daa4dec60902b22d6600257125,Tyler,Rush,"46020 Sanchez Drive Apt. 643, Port Matthewshire, IL 18833",2640.1,False,2025-01-16 23:53:25.462501,2025-04-15 23:53:25.462501
96,barnessarah@example.com,scrypt:32768:8:1$2DcqN4m41DYAI0up$525c61e4d5080d25b4e162874011e894f667d163f4b63dd054bf71846e38f2ee06c380256baeb9b60087f38987792c007e174edb4c7a84647b160e6ea52fd90b,John,Smith,"620 Taylor Drives Apt. 094, North Roger, PA 32615",4056.34,False,2024-06-18 23:53:25.505525,2024-11-02 23:53:25.505525
97,jhenderson@example.com,scrypt:32768:8:1$UpSB9AiNypf2Hf7s$b597be0879b6c8c5950ac1b980685ee1d4723a7969e1006be8800ba2b4e294181e97be167f021b7a2a228da9ada7c7a188e1ad727e747af450e8135ffb43e29b,William,Gutierrez,"9553 Myers Plains, Alexischester, TN 71844",4385.65,False,2025-01-24 23:53:25.548488,2025-03-26 23:53:25.548488
98,kevinperez@example.org,scrypt:32768:8:1$thWLMjXM8bTQpLOk$1f493970d20eef0de03bfabc1e79b3203c51da8be0946cd3d0fe91a554d33d159d6a1d4ecad1e3e1a9ba0ea6dfa8a271dc936424fd9b15b85b81a9d8dfc32315,Steven,Fowler,"99633 Kathryn Lodge, New Katherineburgh, GA 60998",2477.48,False,2025-02-04 23:53:25.591204,2025-02-12 23:53:25.591204
99,spayne@example.com,scrypt:32768:8:1$dWuwExcsY9lEiV87$2ea56a9f93332396145148f506fcabf5ca460083dffe0eb9fdf58107ddf3bd2b98bd1e3b86f869fd42c5a81146988226574a03bb0e6c74252ac7886ecdd5fb7b,Juan,Peterson,"065 Brian Pike Apt. 305, Richardsville, VT 09846",3658.25,False,2024-11-22 23:53:25.633776,2025-03-05 23:53:25.633776
100,huffmanamanda@example.org,scrypt:32768:8:1$07Ouli9lCTvaTjBI$19103bf457e007b7f9793def99261fceab7ca345c3a9647f9556c59d7bf346e17a94d39c8ebb9117b4f77d313a29029e0b25008cc5cdad6f604f2a64298ef700,Johnny,Harris,"49106 Wilcox Pines Suite 250, Hahnborough, GA 29200",4666.33,False,2025-01-10 23:53:25.676682,2025-01-30 23:53:25.676682
101,ldean@example.net,scrypt:32768:8:1$ugxMJuu48TC8cJtM$1857aa082e342db742e95f1f513c69d0952ce1734b49327363dc82fdb9411f212141e8fc90a34e39fa9619ce51df023abdf512d54df1e2892b64ee2d4850bf30,Michael,Becker,"388 Parker Shores, Kennedymouth, GA 81445",4537.69,False,2025-04-11 23:53:25.719541,2025-04-26 23:53:25.719541
102,jeffreybrandt@example.net,scrypt:32768:8:1$eW1aUZHy5dvWXzDV$f32c35d3f7a154a65c65a0c7cf80017e261b14bd55cd9e60a5ba52f3ef617f994f76987e1195d72257906a799e87db7b727f812562a04cad98b6c1d6ac4e6f44,Seth,Stephens,"9527 Ponce Creek Apt. 281, South Mariaton, WY 43281",3508.51,False,2025-02-27 23:53:25.762218,2025-04-05 23:53:25.762218
103,lowesarah@example.net,scrypt:32768:8:1$yKm2uzmZDNz5STCr$2456d271c881b4ee32db587b3effa67154dc8eea7f2cf897fde78abd73919d2e3af9a907202a694f9f4a12aac33bd2935981bf33f8eecd163775490ead8b756c,Jose,Hayes,"85585 Stein Road, New Caitlyn, KY 47072",3559.63,False,2024-09-16 23:53:25.804864,2024-12-17 23:53:25.804864
104,amanda53@example.com,scrypt:32768:8:1$ykkoSaww9W0QGRNa$84fabab5fdba3d4521111c2e769a7e1f62862ab9463921c82468d0e77090c0bc2d437d6121be425ce75834f63d6870813891ec89dea8d8b5a942f353f6a9f875,Jeffery,Montes,"70889 Torres Walk Apt. 034, Davidsonborough, KS 61812",4534.79,False,2025-04-27 23:53:25.847116,2025-04-28 23:53:25.847116
105,shannon67@example.net,scrypt:32768:8:1$rCATYdFg2fh0f0FU$253dddac9eb52609dac772da6024364331c81fe4a91eb0a26b7789dd88582653a544aaf2223f3fd12aa149866f4560bf69f832300e89ecb3be681b893c533801,Jessica,Holt,"30186 Wilson Street, Chadmouth, DC 81457",1078.37,False,2024-06-30 23:53:25.888850,2025-03-14 23:53:25.888850
106,jeremiah43@example.org,scrypt:32768:8:1$93SkNCRCS1Eo5zGC$8839942db81680e06ac53b5bf21b2eb1114839f2d3aaa186b43a004bba9ded5af414588ae8a4a42e46c54daa1bb2bbdc3afc2b2d3790c60390c47d35a482e1b0,David,Kim,"727 Garcia Cove Suite 648, Danielhaven, WV 24593",2290.59,False,2025-03-14 23:53:25.930331,2025-04-12 23:53:25.930331
107,yknight@example.net,scrypt:32768:8:1$DsqQaPS3kqIqI3lA$95cb472bbc614027e664a2afc975dbdf0121ee9e1abc75dadfc469b498a12616ba7e1d1213c6d49a15cfaf3324d12686a571cf0a11f5030c0079ed6b8565d3d6,Lisa,Estrada,"219 Moody Motorway, Anthonychester, FL 29073",1980.37,False,2024-06-18 23:53:25.971809,2024-07-22 23:53:25.971809
108,rhondamitchell@example.com,scrypt:32768:8:1$b0iN8GX64NIv7Z1t$c913dde47cac07b72d47594c2035afd0f48131f3ddf2ac284e4c69198665b86083d91634671a2e8c8162f87b1c822687b9c279e588a7c8c22d58c30501ff89f0,Teresa,Jarvis,"Unit 9146 Box 2294, DPO AE 31085",4487.8,False,2024-12-25 23:53:26.013578,2025-01-30 23:53:26.013578
109,joshuawashington@example.net,scrypt:32768:8:1$H5ZXgppkD7Q1FMVa$c9de543021d099e862b1fd7c84bf2ee771b444b2c808cf87a329f606705baba24633b376a27b841e89e93495d02a6e4bed0f63dbdb7600e33a137c5cef1bc80a,Jenny,Hughes,"30579 Smith Port Suite 198, Elizabethchester, LA 67088",3506.7,False,2024-05-06 23:53:26.055503,2024-12-25 23:53:26.055503
110,hardinggary@example.net,scrypt:32768:8:1$z8ndD8aSFthpCr0V$a2f7df0b06afba7a8971b15846c82dfb9b437f324c9064a7db19e4dee276ff591500c13a679b4cc2d4e1fe36aef2a554d46ccda1fe79cd1d2154f8ac3c387057,Crystal,Hayes,"2064 Stephens Mountain, Jonestown, LA 40388",3435.89,False,2025-02-26 23:53:26.097396,2025-03-19 23:53:26.097396
111,davidsonkatie@example.org,scrypt:32768:8:1$JtAllPZMbj9cQ5Ea$6b4cad2f934cfdec365be467c3dc2ab369af4be60a87e611e7c9979224a63f6bff24fd944467ed5cc2d6ba9d5899d86cd439553faee0747095bfd3db2e7f5fa6,Martha,Boyle,"11216 Shane Burg, Martinberg, AR 11448",4836.4,False,2024-10-30 23:53:26.139095,2025-04-07 23:53:26.139095
112,alexander92@example.com,scrypt:32768:8:1$UfU9eLCgYGxfV5Ex$5cd9ed3c61572d88a6af9f48d6efad67a5bf41e8fbb72068d939228b8ca761d943f012b9d2658f8c13bb6d0e96602e39f27867ff9570e73c11293267fccaf8b6,Daniel,Hart,"2592 Nicole Parkways Suite 147, Port Anthony, PA 09212",1011.86,False,2024-10-29 23:53:26.180863,2025-02-10 23:53:26.180863
113,millerthomas@example.net,scrypt:32768:8:1$teNjOVTOE1wFL3BO$652fcd7418bc8f281e31b92bcee86db6e1a4fa94327b1df9f06f5812949babd834e2626c35c73a79dcf7a2808c1577c16abc2ba48dff2be6cde714286dd8f370,Luis,Summers,"97591 Grant Freeway, Melissatown, DE 26788",4468.43,False,2024-07-14 23:53:26.223112,2024-11-02 23:53:26.223112
114,tracyfranklin@example.org,scrypt:32768:8:1$I7c7QNlhHnV89anZ$0075eae6ea0a4b2d865afa95cd7a0817d6afe33b6e14c7b472b392f74256f02df172fb7132df6143f95b30b04a2b0d12465d0c740970abf26e3fb5b03cc99783,Mathew,Porter,"582 Nichols Stream Apt. 010, Smithland, IA 13558",4816.23,False,2024-11-04 23:53:26.265063,2024-11-08 23:53:26.265063
115,gnorman@example.org,scrypt:32768:8:1$nudc5OHj1xZcFfZP$85c7ffeed2fe713e364ac12f0653d784b3ea815238def3bf5fd678b6dea7d10994809d04ae7efba3c4df334004f2a799aa89a0858130527413f6a186c11fba92,Julian,Mcknight,"4987 Bailey Route, Lake Melissashire, MP 28482",4015.15,False,2024-07-17 23:53:26.306907,2024-09-04 23:53:26.306907
116,schwartzjohn@example.net,scrypt:32768:8:1$SmrFsnNjuWsD9gJm$fdaaf4c47746eef92b99a9ec2fae2989b1f85403ae631c4080db9f736f26ad345f5691df46e7bc53a208437f62667fe1c600e3159e86285df238cdb386645850,Lisa,Watson,"4154 Hayes Alley Suite 551, Kerrport, AZ 36623",3729.13,False,2024-09-28 23:53:26.349170,2025-04-19 23:53:26.349170
117,david17@example.org,scrypt:32768:8:1$mZuE2GtDaRk9U1Qc$eba564b0fe8a59093d5d40c6eca3ab53186802a76dbec665b856e51efcd651c911e7f069fc21f1dff1ff175103fda2891c52f9cf0f697dde4b0e4926d265bbf0,Michael,Hardy,"Unit 2738 Box 6484, DPO AE 79006",2542.09,False,2024-06-18 23:53:26.391103,2024-06-22 23:53:26.391103
118,joshua38@example.com,scrypt:32768:8:1$f3gksa1IZqI0H4DM$d0f2e5d122b841e1828b6ef1c72266a8c4d5d4bda4bb588f72ba8002e9be6cae16e950bc189f970a647a20ad48b9d6f17204ce5a3502ac1007547c682cd40c6f,Frank,Ward,"38185 Haynes Underpass, Krystalbury, UT 48795",3551.81,False,2024-06-02 23:53:26.433401,2024-11-02 23:53:26.433401
119,penny38@example.net,scrypt:32768:8:1$aIeMXdsv1wX9VOBh$9145a55f8ec63f9881dd89032ce1f2bed237a80f4fb98125d23d3fef742c918b873121e56c25e9efc83b83f4f398a45887d6c090499b5a3ff928957139f202b0,Steven,Cortez,"285 Cole Fall, Johnburgh, ND 95148",4456.51,False,2024-06-04 23:53:26.475886,2024-07-06 23:53:26.475886
120,robertferguson@example.org,scrypt:32768:8:1$4X7OKxcw46X5sD0F$375217795d18f0f0fcdadd19561127df230467f8f3ad202da15fe376e966ced630b8187781433cd5c17db1a40dc4221134b8cef9053ae0da1935f8f9bf207a34,Connie,Vazquez,"130 Jamie Forks, West Charles, SC 90914",4468.06,False,2025-01-24 23:53:26.517952,2025-02-14 23:53:26.517952
121,brian29@example.org,scrypt:32768:8:1$Rvk4wxQAObLsEPux$4e5545f685a67f8c2c497e6db3d97c0c1932c4b4f5a7736e239ff7b97b9fb7731a7db593ca05e3e9ad546fc5c00dfc203c0379a0972684db0987fc8ff60edebc,Nicole,Alvarez,"9197 David Grove, New Scottfurt, KS 30978",2532.38,False,2024-04-29 23:53:26.560479,2024-11-21 23:53:26.560479
122,dcarson@example.net,scrypt:32768:8:1$SoDGcmd3bePJsuaE$652aa35d60fbb5e68bb2341d7564fa079c785bc087ac40d942cfa4cccf20e736a4c93826977ad806e1ced6c93852d19d7bd9cb8e56538e8d7c4fad3bcebe3e07,Ryan,Garrison,"385 Schneider Fork, East Christian, MS 00837",3049.61,False,2024-07-09 23:53:26.602326,2024-11-18 23:53:26.602326
123,rcrawford@example.net,scrypt:32768:8:1$m3c8ISTJ0bOP1PnZ$31f37bc5bbffa465ed30e838605c5958f7cfe472ed20a6c4889918053664d09b36734778d8b74f931ea394f0c84860c75ff0d374c6404e7bce5abf03116d2bb1,Jonathon,Ferguson,"3986 Burke Ford, West Jameshaven, AS 77986",1749.25,False,2024-09-23 23:53:26.644210,2024-10-11 23:53:26.644210
124,skinnermitchell@example.org,scrypt:32768:8:1$jpFQgDlGHSgK8zRu$c92843111e4d73c94702f3fa824b8350e51e32935b57c88f1234c3ee63b90e13144ee76cf94160fc074595bf0d3c32d061518906cff4fef42b22ad81b29ca954,Charles,Brewer,"61233 Derek Field Apt. 787, West Christopherburgh, NV 56107",4500.74,False,2024-08-13 23:53:26.686136,2024-11-03 23:53:26.686136
125,uwallace@example.net,scrypt:32768:8:1$pGgH0aw9SrLmPT32$f2837a67409d85f4308059a3d0f038d41058016cef212ed18b0a29ea9272a9defa04d8b3dd550f286a099f80757ae0d95bb63c2a68ef39d75e9dbd39b1a827e1,Angela,Harris,"450 Elizabeth Wells Apt. 378, Port Jonathanberg, MS 27011",3732.98,False,2024-06-19 23:53:26.728074,2025-01-06 23:53:26.728074
126,daniel31@example.com,scrypt:32768:8:1$a54dBPmyfrNmIUPN$50a1de52fae1b3bd4f3e9d224197559a2a665f534d9562f7381b918d83363d5828541edc69e4099710dbc9b7292379c274a6e7509dca29029c26bbac4f8ca481,Michael,Jacobs,"159 Cervantes Burgs, Alanfort, MS 41294",3732.42,False,2025-03-11 23:53:26.769930,2025-03-24 23:53:26.769930
127,morrowlauren@example.net,scrypt:32768:8:1$sbsM4SIFeNG4EqhS$a1b072e8cd3131877ce79ca59d4c9bf6d1f4115d9a7815ae8702c826262c7370b18bed9a6570fae8fb9459c8c61201d4e87a611b9a320d87af0b4b7258e0a474,Thomas,York,"7510 Jenkins Curve, West Glendaborough, MN 14004",3649.55,False,2024-07-21 23:53:26.811872,2024-08-23 23:53:26.811872
128,smithjudy@example.net,scrypt:32768:8:1$rMAUpa6XZQ6hN2Wb$9855a7f473a7ae2895303c2693abe7460ff0aebf8a70d3091644de3db2a38fbabd14e10ba5b1ed27bf34d40369b898b6bb38dcbcb832c128d3b3fe4a6b1c49e4,Ryan,Yang,"782 Carol Square, South Scott, CA 41253",1597.21,False,2025-04-14 23:53:26.853886,2025-04-14 23:53:26.853886
129,susan05@example.org,scrypt:32768:8:1$cbr7tG8edds5yuCf$4cb55f3d00f0450fbc7d818e4dffd372ff883c21b8beb84d314532cbc8515db39627b2ee7bd602c531af883cc05e8494b819d691702927fa367781415b2f73c4,Jeffrey,Miller,"753 Davis Harbor, Lake Nicole, NV 44558",1972.53,False,2024-12-07 23:53:26.895946,2024-12-18 23:53:26.895946
130,klloyd@example.org,scrypt:32768:8:1$4L9pE5Yul3243eW3$75f4f33fcee84c934dd0ca26dbd95e0f214494644a24e49dde4aa4ae1f1e53ae0eb6029d770c8a74a8fd477774f7cd4c260cff39de29d3fbcd15f326645757c6,Cathy,Holmes,"777 Brown Plain Apt. 164, New Pamelachester, WA 00647",2333.58,False,2025-01-03 23:53:26.937759,2025-03-06 23:53:26.937759
131,jamescox@example.net,scrypt:32768:8:1$UHYXhK9iGLAcVVif$2ff042b543d8db9adf701ef91fd2c4b80831bcf8a9dec21cf3c18a693ac43afaabc5f27abf1c4861618663703574c06d73c5a1fe7e20ac439b66e86bd56444d1,Jeffrey,Garza,"825 Joseph Ports Suite 030, Charlesville, MO 82986",1229.93,False,2024-10-15 23:53:26.979680,2025-03-16 23:53:26.979680
132,pamela83@example.net,scrypt:32768:8:1$ZtqLdquAWR1c4i7B$9be9e69dfa85c1668653fb62e995855f4ccfff03a5f388b609331418cc50ee6ba75aa44b9c15c3d3cc9c2080c3d8454cf8785743d5498049466d1d03e427abc2,Calvin,Allen,"6942 Joseph Pine Suite 113, West Anna, MP 45180",3112.95,False,2025-04-15 23:53:27.021663,2025-04-17 23:53:27.021663
133,twood@example.org,scrypt:32768:8:1$W7xR84RS6SlzJD9j$de021f7d4400dafd728ada0ec39a722aa898b17a867c81d9203b8877563f4f354042d358ab424ff593893e99e84c75ff6ee29bb17dc7218f1e5d478cb559a9f4,Bailey,Moore,"76015 Jon Meadows Suite 074, Joshuahaven, MA 84775",2525.33,False,2025-01-31 23:53:27.064257,2025-02-09 23:53:27.064257
134,fisherphilip@example.net,scrypt:32768:8:1$IWm2BdJE88JxpoPQ$c209681d74e4b07f71206cab7d8e6396be727b8438d30617ecb1aca02bc5d0f9b3a4db0438d09e6609143f70adb51165949aa489f3ca25447886f003d736540e,Keith,Bradley,"8661 Parker Ridges Suite 455, Martinstad, RI 81388",2180.81,False,2025-02-04 23:53:27.106300,2025-02-11 23:53:27.106300
135,campbelllinda@example.org,scrypt:32768:8:1$29Pk6ik54ktNUo1R$bf07d84f329fa4e010c9dbba310ae631a2c56d999240b5a1f850489161370d897ccfa5c665644ccc6818d2225c2e7da202833efa5724871b5ddc2abebe75fa73,Logan,Brown,"547 Johnston Meadow Suite 785, North Alexisside, DC 54660",1922.55,False,2024-12-16 23:53:27.148165,2025-02-22 23:53:27.148165
136,sydney77@example.net,scrypt:32768:8:1$VtD37cWnaagi9LTv$b23aa5d04a1be8413ddc81fe1200c86f38818be0d044ee781b316dbf75f09d6c5d6ec7cd5f3b58a9f0756dc22af18540be4f7598eb271539025b3941fcfd19be,Michael,Burke,"Unit 5091 Box 6066, DPO AA 34652",3301.21,False,2024-12-18 23:53:27.189947,2025-02-07 23:53:27.189947
137,rreyes@example.net,scrypt:32768:8:1$3wvqplEooFMqE569$6d76e33eee0da92179a2aa5341ea4b41d870c2711ddfbf15846a684ad15222be2a200f100f0ac12b00a5252ff321ceccc2a283237c2b9f4f1aa797ee9760bf03,Debbie,Sullivan,"6173 Autumn Oval, Port Anthonyton, NM 07109",1842.31,False,2024-06-16 23:53:27.231743,2024-11-02 23:53:27.231743
138,brian48@example.org,scrypt:32768:8:1$aR3Iya207C9OJ8dz$241c9f42058ff0fd78da87b779a4d49aeba5bd00db8bb8ee20e61b3cd161e3fc4200886157442405781c3f5e41be4b2fe6fbeaf2a69b94646cadec538035c3e7,Nathaniel,Johnson,"568 Hicks Locks, North David, NV 37136",1873.36,False,2025-03-11 23:53:27.273668,2025-04-01 23:53:27.273668
139,maria78@example.org,scrypt:32768:8:1$HB8AZR73V0zIx1TH$a33b4aac1987a22bcda27ef14c9340e4a361dedd8756f2c664c11558792f0d7fa0c2a9c522799f0f7259dbbac813df8dbf9bb1c37794b4a529fdc7ee79ce06eb,Steven,Baker,"PSC 8399, Box 7950, APO AE 02574",1925.14,False,2024-06-01 23:53:27.315466,2024-10-21 23:53:27.315466
140,mollysimpson@example.net,scrypt:32768:8:1$biP4jM9PdhTuLueG$587c7325ec341e7fc723c97798bf2d8e4c64eb3755314e08ba0f524a0b254a31495ff286d9a2d70eeac52148e62964497f69828e6f2bf4e0e923b2cbe3962c5d,Laura,Bowen,"64305 Kimberly Pike Apt. 449, West Sarah, IL 67771",1218.24,False,2024-07-12 23:53:27.357671,2025-02-15 23:53:27.357671
141,fernandezkeith@example.net,scrypt:32768:8:1$B9aLqIn81l5UTEV8$4d55d0731c93345f51a0f15c151ced3915476103d0ed7a544849a213666ac9be8117ba8a6bc051e93acceca2a47450faf69f102555072aaf1b98ba75b13375d1,Joshua,Mason,"52185 Rowe Prairie Apt. 503, East Lukeshire, NJ 02790",2459.7,False,2024-10-17 23:53:27.399590,2025-01-31 23:53:27.399590
142,bmcdonald@example.net,scrypt:32768:8:1$NQd3HSidhyHresgd$4827b05b750933d4f317b951ada58b03475360681d11f61c6429d9d88777867f8719c76ce031b98c3d38e19f5bda01d0e3b7aec70bf5479b37379853e7dfe3eb,Laura,Carter,"170 Herring Center Suite 334, South Lauraview, NJ 85474",1830.76,False,2025-01-01 23:53:27.441617,2025-03-11 23:53:27.441617
143,fraziertiffany@example.net,scrypt:32768:8:1$dLrawqVpIQVOuaJ2$bbd33579ff937292fe6126dc54b41a3d660ab79befe9e5116168280811cb750207f43916c5dd065c63fc04a5b9ce5c1d1215143a266af77816e38f0484880c38,Tommy,Henderson,"998 Johnson Flats, South Vanessa, OK 20035",1321.22,False,2024-07-24 23:53:27.484559,2024-10-02 23:53:27.484559
144,jwatson@example.net,scrypt:32768:8:1$rNQx5RqWbqqVUrIo$1b59f338925eaafd6194a747bd0a25a3495b82ddb5fd1c768ef455c8b3e058b2366cedfa8c2c0160203ea6d30a66ee22b96a1b902498b5fa682f3ee3bac4bf9f,Timothy,Smith,"04000 Rebecca Oval, Simpsonton, PR 75195",3294.64,False,2025-04-17 23:53:27.526698,2025-04-26 23:53:27.526698
145,bhardin@example.com,scrypt:32768:8:1$cAfKsAIILUz5S4DT$a4bbf361a36473285e9972503d772ef199859f07f3d6ceb0da52ffae3b42908f3737b4446095982587db12f365ecfe37d417efc281b1557aa1080d96e9040719,Michelle,Ramirez,"32213 Harris Knoll Suite 776, Alvaradotown, WI 78103",4153.62,False,2024-12-23 23:53:27.570175,2025-04-27 23:53:27.570175
146,brownjessica@example.org,scrypt:32768:8:1$hIPytLul0kvavJnb$16c2bb6247794cbb1b162496c7028e4efdf883c934a6f47fbf79fedfabf0bb1976b469fd69749c1dfe0542ce1562be5beda0c9bc6447fd1cf7ce770dba4ef0d5,Sharon,Alvarado,"8956 Campbell Lodge Apt. 358, North Vanessastad, PR 14198",2651.02,False,2024-10-17 23:53:27.612275,2025-03-04 23:53:27.612275
147,adamstimothy@example.net,scrypt:32768:8:1$rot5kuAIwoiYy5ry$e168d6ebdaf71f1d7a2e93d9d1f34d724b4d40c043f06dafac28c1ad556c22f46e211ee1164e7ebd08c2469145e357e434273be95f219f07516e308b5df0e83c,Krystal,Gillespie,"8167 Holly Unions, Brooksmouth, WI 70273",1231.35,False,2024-05-10 23:53:27.654170,2024-05-20 23:53:27.654170
148,fweaver@example.net,scrypt:32768:8:1$F8Re2Szwz3Olhdrx$f2e692aae5b38dd348cdf71de8f80f9aef130830bf61fa30f42c16596f2355380515c6ff85f93dcf2087a9d741b8e83e30ea684779ab2d1e73b5dac882378e7e,Lori,Hamilton,"6164 Jeffrey Trail Suite 509, New Juliemouth, SC 34999",2675.47,False,2024-08-20 23:53:27.695954,2025-02-23 23:53:27.695954
149,stewartlauren@example.org,scrypt:32768:8:1$1Xo6YlSIvcIM39Xh$cd3b912701612bd719d926d2bb75d12c3cbca0d96fa397d5626cab5086ba5199a908fa70a24fb43961047453ae36cc4721bd6fee5c46795f43e5fd9f16431c29,Jeffrey,Gilbert,"03118 Schmidt Turnpike, Matthewtown, IA 44860",2875.2,False,2024-08-15 23:53:27.737614,2024-09-03 23:53:27.737614
150,jenniferwalters@example.com,scrypt:32768:8:1$8GadpiUQi4wEG4Cr$6bacef7d5ec40ac11df93617b8e63c60e2f8a1c1dd593bb62d978bdb223ed208ba5936f38b628ff0762d26a9594105bdcaafc4a71e5ef17dae209d26078b514e,Eric,Lopez,"087 James Locks, West Jameshaven, LA 51310",3743.86,False,2025-02-25 23:53:27.779615,2025-03-06 23:53:27.779615
151,vlong@example.net,scrypt:32768:8:1$raFgwO7Y9KuFqiVp$d5f6c6c908585e42711c313ef90d7ed1b7180204359c697c8e4983ed56e548bb78fd573867958db8115f18d49f44b73321fd8def6433dc92a6874d94f24f8457,Jeffrey,Johnson,"8054 Rodriguez Roads Suite 540, Robertsonville, FM 37237",2416.14,False,2024-07-14 23:53:27.821387,2025-04-12 23:53:27.821387
152,jessicahall@example.org,scrypt:32768:8:1$bhN6nD3Y75hp272n$690514aef5c6a91bd7a7ce3f56e7a100c8d98b27f57d842180d66b42e3b173c13a9094a780e13930c79224252cfd25ac7c398e7378f6aa630b65a3d3d7c45349,Joshua,Carter,"551 Paul Viaduct Apt. 003, Penaton, MO 97516",4780.92,False,2025-04-26 23:53:27.863297,2025-04-26 23:53:27.863297
153,allennorma@example.net,scrypt:32768:8:1$DSWkFI57Za5EKWKP$7540bb1c4bacfe7d1984c6a36cde2beaf9f754db8e34a62313e843e71bc649ddaaed7c5cf84b221ae2b77bae12ec34fdb71e3d6b62b0886bd0ef9963217db963,Chris,Kaufman,"8233 Stevenson Land, Lake Amy, VA 45167",3593.74,False,2025-03-06 23:53:27.905181,2025-03-13 23:53:27.905181
154,robinsonwilliam@example.com,scrypt:32768:8:1$N9717IJFPrTD92BZ$9edbe2551bc0b0c2a50f71a1b8b0d985dabb66af5e0a2fda06144f723038212d17210da085f111c0dd3b868eb7d0c977be1e940e320afefe8439ef7a1c63f53c,Ronald,Brown,"54735 Benjamin Village Apt. 801, Port Matthewfort, WY 41990",2882.04,False,2024-07-08 23:53:27.947015,2025-04-23 23:53:27.947015
155,lisahenson@example.org,scrypt:32768:8:1$EuFb68kP0oY9GK3w$dd4ba7ca43e3e6219923eb559b2a72d29880c5e1f31abe8ad62f896563896c8d4d6d1b68c34fa8ec65e7282c49df6a0225f6217d186542ed41900827d82db1e2,Don,Newman,"4844 Jeffrey Field, Barrettmouth, AS 42426",2724.62,False,2024-07-30 23:53:27.989055,2025-02-22 23:53:27.989055
156,woodmelissa@example.com,scrypt:32768:8:1$HNW4JRSXp9FOEVgD$d1b7684e8e26b7ad1d510053732baf9fb90c08befe7a0f5a3830ea000bf1ff1e1d9421e3ffae4e241273dd193342adc9efc34a4969718499574548417187c5d5,Tamara,Richards,"612 Williamson Stravenue, Alexanderland, PR 05390",2439.27,False,2024-09-28 23:53:28.030934,2024-11-24 23:53:28.030934
157,wagnersamantha@example.org,scrypt:32768:8:1$n7YZbdaomNsas4v5$420623f56afeeef2e8f10a35c787e95ba13c9d21d35700ac81e5e8c7c6406be888c75b2a4be61ca844d27e9166b3a63b39a37845c86054906150af71b6285350,Sarah,Cabrera,"2844 Sydney Valley Suite 010, Bakerfort, NJ 03176",3304.72,False,2024-08-19 23:53:28.072830,2025-01-10 23:53:28.072830
158,williambaker@example.org,scrypt:32768:8:1$ZmUjzbVdA1HACZdK$f66799a7b46d71f2aae446f1538104297e3cd8f853bc12e5b30139c01edd57062842ae348ca13ac999b7fb7de1fac0c1a9a7325a1918c9b21af567385792c809,Kevin,Sherman,"139 Richard Common, Amberport, NY 32152",4122.67,False,2024-12-13 23:53:28.115335,2024-12-15 23:53:28.115335
159,joneschristopher@example.org,scrypt:32768:8:1$JtuH2aohfJSMjtEd$9418cc6f37037f754328a9c8df4837d3ee081d9f315b242bf301dc60e67e8b75282f8f76d0ffc0a174bfebff474216273c10f3b7c858a9f9fb304caa1d7ff343,Logan,Nelson,"335 Sanford Rest, Bethport, WY 76672",4069.52,False,2024-09-12 23:53:28.156891,2025-01-26 23:53:28.156891
160,montgomeryshane@example.net,scrypt:32768:8:1$T8wT3uzW4cZwvAGd$e2444a0f6631eaa71f6b4d7d7a84eafa622d038f5e99c0968cc931d0ec9a2a0480e2abfbac1f97f9adc83477e1d54b655964985201066d647673e603478c7b62,Michael,Briggs,"270 Turner Heights Apt. 349, Smithland, NY 72744",3980.42,False,2024-05-07 23:53:28.198338,2025-02-24 23:53:28.198338
161,wboyd@example.net,scrypt:32768:8:1$xGCc0OMcx4m5ffV8$def6206e4204177ee1325141e4093c3728575bd5d9113e96aa61a50a2c4507b64fbaa8a0bd58e122d883a7d71bc1027fe6a89f4bbcda733ca54712d31f794529,Christopher,Flynn,"Unit 3800 Box 6147, DPO AP 67658",3641.38,False,2024-06-21 23:53:28.240124,2025-04-05 23:53:28.240124
162,richardsonrichard@example.com,scrypt:32768:8:1$NJd6RoUdIVFOEfaD$9d8f76e0625e30675ea8d8d5214fd01708efb571eb69cf377b48acd82e28292b2a5e50fedf4f2747b161e794fd09a582b27ffca573f5a436098a995620070c88,Jason,Larsen,"1297 Ruiz Roads, South Jennatown, IN 77230",2440.99,False,2024-06-18 23:53:28.282292,2025-04-05 23:53:28.282292
163,troyanderson@example.com,scrypt:32768:8:1$RQdB3oZVEyzgtQQZ$1ea38ae563a405cb94becb990dcd14fe37ca7268e3d3d92e73b60fbba127ce97c4468f6f80cc70972b752faae58acf411bec001bfaf35203bcc6250b68ac2430,Melissa,Wright,"3951 Crystal Springs Apt. 788, Downsfurt, IL 11376",2474.4,False,2024-09-18 23:53:28.324441,2025-02-23 23:53:28.324441
164,joelsmith@example.com,scrypt:32768:8:1$xqVP4IpqiUViqRx5$2768172b3aaf30331bb068857ef0990674e92532bd6e8eccac4e34dd4bda70e0d2e8a070c9852ddb920c41f57ffbe92cee00708e7f59762fb86fd56739638878,Jesus,Stewart,"USNV Thompson, FPO AP 81616",2208.98,False,2024-07-19 23:53:28.366840,2024-08-13 23:53:28.366840
165,smithmelvin@example.com,scrypt:32768:8:1$Dc4Bps78bqvYx1RJ$4b0520e1c2b751118f7582f64403314a8c4bf70cd97b1ce9b80a594f3cd515fc15207df98e236b9c3bc4175adf3a08677cbfc24eea47e7e87679ce6c4f7afadb,Nathan,Myers,"USCGC Schwartz, FPO AA 11727",3285.19,False,2024-07-04 23:53:28.409006,2024-10-15 23:53:28.409006
166,mrivera@example.com,scrypt:32768:8:1$pLG3B3FOMcjx7opn$a603f97c46c181780a3b0a4802eb3ed9d3126994ca5d4d9e4616fd1c6e4c71b02c8f38453762bb99741508f7fcc31cac3328a0b967da42a76324dea7b598899c,Holly,Rivera,"124 Cynthia Parkway Suite 582, Lake Lydia, CO 62786",3998.58,False,2024-07-19 23:53:28.451320,2025-04-10 23:53:28.451320
167,kbrady@example.net,scrypt:32768:8:1$pBlyVOpgJwUeNjCk$17aca5ca7ad20f32fb9a3f6741229fdfabe640cb28f29c25fad52a93979fd1ffc2add735b8d15c729a6a606c0912d7a28f408730cd1c61353eb82bfb6d2045df,Jeff,Nolan,"58067 Thomas Drive Suite 529, North Kendraville, AZ 11531",3155.98,False,2025-03-14 23:53:28.493972,2025-03-17 23:53:28.493972
168,stacey59@example.org,scrypt:32768:8:1$1mKBATewKfLwZUeI$41711c54e7c162ed6ab752782154edb6f4b9f709a64ba3385e0d03df752a118ac5155f7f105a2c819f96c9627d8e71305cdad8d0b4c95dd722f0f88d6bc9acda,Jacob,Ellis,"890 James Plain, North Michael, AR 73907",4377.17,False,2025-03-03 23:53:28.535947,2025-03-06 23:53:28.535947
169,vhunt@example.net,scrypt:32768:8:1$rVNW80xUjgspujN2$464e7d7fd93890cf19cde43ff15bd0f66cba2e59cd53fe42b884180b71b89eb86bd737d667e8060ea30e1a8096be291aaddfff8387dbbaeaf583995adf742f1a,Justin,Petersen,"USNV Bush, FPO AE 71883",2108.5,False,2024-07-29 23:53:28.578002,2024-12-14 23:53:28.578002
170,mike84@example.com,scrypt:32768:8:1$fGBVdvAUiDsGLWt6$3ceb8f65c5fef0a39d01032be05502a46d2458ed4305a2d8e0f3693040c033a95e935c91edf2828c3f7a984b14d30235f98f0df4bb09d8bb7515eedf94acef7b,Colin,Robinson,"5358 Bell Ridges, Williambury, UT 71921",3038.4,False,2024-05-05 23:53:28.620380,2024-09-11 23:53:28.620380
171,gary54@example.net,scrypt:32768:8:1$WYafRcCQT0gqVVRG$9dfa2f296cf3e2611b6a4800ad22feb2364fc65b73a02c56edb4ac3a98863ed1e89a41790f043511943eb7b57edf0a755f85dd23eda67a9ab39a1b500d230684,Scott,Johnson,"88728 Bowman Expressway Suite 932, Jamesshire, OH 09893",2133.93,False,2024-08-14 23:53:28.662233,2024-12-22 23:53:28.662233
172,tamaralang@example.org,scrypt:32768:8:1$JMD2vcmtCqeP7JyP$59e27fd2d08daa8815a413f73c82b4e652ba0f7cf83ceab4fad1a9ce2d49f9921eb42e78940e5fc1bfc3b8f5afa2a3b3c4976d4bfa166e11c3df62aace84145b,Thomas,Hughes,"PSC 1120, Box 0872, APO AA 41780",1330.7,False,2024-11-08 23:53:28.705123,2025-04-28 23:53:28.705123
173,jean34@example.org,scrypt:32768:8:1$4IYGpjDOb4R5TGGd$43eba1b59e8212dd7defe106715e59906cbbf6915846c4d2c38ba4cef71705f9fd3d955812664718005639c55d6d3b15e0413ab9699ed02d234ecb7d63c9d64f,Nicholas,Simon,"7145 Teresa Fork, East Catherine, DC 14904",4496.79,False,2024-10-11 23:53:28.747682,2025-04-04 23:53:28.747682
174,andersonbrandon@example.com,scrypt:32768:8:1$hue2z6CGkHauTACT$b5ed5e7f051e48ec61ccf57637341e796bff7764c961b20d051b3a36dce4ef1ce5f2e0fef7dd78bd595f33372b93d83a187aa6cc1f5fde23cdc0dc4ae209c779,Erika,Hernandez,"31949 Gill Circle, Nguyenborough, IA 91286",3087.1,False,2024-12-02 23:53:28.789853,2025-03-10 23:53:28.789853
175,johnsonchristopher@example.com,scrypt:32768:8:1$JpsD52IiCLTOoJQb$dd7b96543e53a468d5fc6cc952cd5bf0397b77f4d53ed02c4b409e15343a2aec81186586c15b96485c3d54de620f978156353a30b34bc554ac2e06b7e97f8f9d,Vicki,Williams,"02601 Gregory Squares, Williamville, PA 77575",4009.59,False,2024-12-19 23:53:28.832066,2025-04-03 23:53:28.832066
176,patriciahernandez@example.com,scrypt:32768:8:1$5P8eQAsjE1LfF0nI$5ec3f350025aedebd4de9a6a89699468058642026362cf8be25f8e0658f8a1a3f9f7b93eca9b72ce04d5301f6579163e057b02860f92daefa47b31ab67a248a8,Tanner,Wilson,"1801 Foley Run Suite 799, Lake Elizabeth, MT 46255",4719.74,False,2024-07-08 23:53:28.874257,2025-01-14 23:53:28.874257
177,hwilliamson@example.net,scrypt:32768:8:1$hRpQdc9JdD9c5qSI$c91b6941733d8eeb8db0b71faf1bcb5f438280e8cbf99f12e66576264355ca9b6a6b6a505b8dd2c761390714c63022e2881cadbb5f7507275445231062f82f27,Paula,Stein,"392 Greene Via, Wilcoxborough, KY 08273",1992.4,False,2024-07-15 23:53:28.916420,2024-11-22 23:53:28.916420
178,iwright@example.org,scrypt:32768:8:1$BpIT4gpIFAuUBMiZ$181607206a4ffe5d270c5304ebe14db001720100db8897da5f39661aba40e2645c12898fc8ff9455d3c5760def33387974a15ed123d157f1f2ad4c57e6670cbc,Latasha,Fisher,"162 Craig Ports, North Luis, FL 48275",2420.38,False,2024-05-16 23:53:28.958649,2024-10-16 23:53:28.958649
179,jwagner@example.org,scrypt:32768:8:1$FBu6FkfR9e310TKS$3a0573f293b1b782bdf658d0ddb6568a64a614ad71ea5bb7a6e17ce2a949abb7f2eb10273d35b13b21d11d8bd42e17e8114dc9e347fd67bafd1061cd1d788ae4,Joanna,Dean,"200 Cheryl Club, Fryport, DE 73668",4036.86,False,2024-07-14 23:53:29.001588,2025-02-21 23:53:29.001588
180,kchavez@example.com,scrypt:32768:8:1$aggwZphOz2gwhKWM$c53e21c5247be31d7f61d201d14961c967d052bc7df8a0bc47adb71470ce8569a8b795e8e0149d434455989e4f972680788b5acc05051de3c26d757502bc005b,Kelly,Cooper,"47524 Travis Ports, Cassandrachester, IL 99171",1201.39,False,2024-08-09 23:53:29.043723,2024-08-27 23:53:29.043723
181,isabelwalker@example.net,scrypt:32768:8:1$e91y9jHzilATugC0$6b1d32513c0e4582a9d86e988f8619220fb76a4b65606c9eb03ada4338e600e8342e5d392e810e6d9cae079d4c59dad7b9912e6aba2849f025eb8cb9e9456cee,Lauren,Spears,"19343 Marcus Underpass, Markstown, WV 29835",4029.41,False,2024-10-09 23:53:29.086151,2025-04-27 23:53:29.086151
182,marissawatson@example.org,scrypt:32768:8:1$Kf2OUtSXX0DcGN6O$65f27b80db5f71c2794ac94be8d6a703a73910c5d1027903f30abf7e17fd18eadef9e03ddacdaa44b00671cd53db62b1994c850c1bd1df3f39be58971062f485,Diana,Willis,"40771 Barber Track, Doylemouth, VT 71733",1221.98,False,2025-02-09 23:53:29.128917,2025-04-24 23:53:29.128917
183,nmoore@example.org,scrypt:32768:8:1$AVQ5Dxevdh2mTjzy$a1bebeaf08fbd891e1c9e6812b0d04892db9d696512d875d7f8dc2d728882cd82cd133992457b47455f9ed204b364659a6bf27371d7c3390eba9f96fdfa4f00a,Brent,Davis,"57024 Lopez Center, Trujillohaven, CO 70855",4181.85,False,2024-10-06 23:53:29.170761,2025-01-04 23:53:29.170761
184,jasonyoung@example.com,scrypt:32768:8:1$KoHEZIIeJRByUHUw$f516499f8e0402bff91f0540c4e7be4e20e672683e4028a058c5357d5ab6969b28347a64787e516966376ddd6628a6677392757d131e40f0b5bf06f8d461a07d,Daniel,Gonzalez,"USNV Murray, FPO AP 98403",4737.27,False,2024-05-01 23:53:29.213230,2024-08-09 23:53:29.213230
185,joseph89@example.org,scrypt:32768:8:1$EluTkvLAoFI6GFgn$34919f8d0c935525ccff869da25990cad24f8b762d342f7cb116efc1eba2e7227733ae638fc90a1fc510c5266b7f4cdf8c20f55636fee833765c57ebcac64892,Richard,Williams,"5708 Mcmillan Lodge Apt. 093, Lake Marystad, OR 84583",3340.42,False,2024-09-07 23:53:29.255990,2025-02-10 23:53:29.255990
186,floydmaureen@example.com,scrypt:32768:8:1$870jFxE6ubKagC9y$7d61b12261f691715163ffe5e337d3433cb95c61440eec2e3586e45830d368d5098027b09f01aac48d23d7f59c73e7334c594b5f34fa7d58e2f943b68ee10ee4,Adriana,Jefferson,"023 Amanda Trail Apt. 908, West Ashley, TX 96562",2394.15,False,2025-04-15 23:53:29.299164,2025-04-19 23:53:29.299164
187,johngarrison@example.com,scrypt:32768:8:1$DBpSpcaroPfra0F5$1e9c8d193c2898d08da9d149abd3465251b289b7b44292c472671c9b934d65b09454d1215ffb77b7469ddd12b7e1fb11dfd9df383c9e06a819119fbe0ffd0890,Diana,Smith,"73159 Fowler Alley, West Keith, NY 82614",4950.81,False,2024-07-28 23:53:29.342204,2024-12-11 23:53:29.342204
188,mccarthyraymond@example.net,scrypt:32768:8:1$h2SIGWPwtNdnYzWf$a94b7c2f9d66e322b37e16c380eba19ff38ec810556cd734e6d2745921095164ed49a3dce76a42c1d82b74096af9ecfa92e8ec4fe483d367d5747c37d5b888a2,Jennifer,Kelly,"26166 Karen Prairie, West Amyburgh, KY 16714",2255.6,False,2024-08-11 23:53:29.385283,2024-08-28 23:53:29.385283
189,aaronkeller@example.com,scrypt:32768:8:1$EVFVKJOMsi2RDP2M$377d006c5c24a568ca4dc60dba0040ed040100bd020b7775899a0c12ad9750ecde4af826fe1f620e1455a397ecf7e61627a00993b4734cdea89108ed2cb92fb6,Steven,Thompson,"6117 Carroll Point, Howardland, IN 18090",4862.31,False,2025-02-14 23:53:29.428429,2025-02-20 23:53:29.428429
190,nowens@example.com,scrypt:32768:8:1$MsusZghlktQ2OjQ5$56b0164a83814f8bfbe6d0892476963d487260fd1e1b16abfdfc4a958eb3f68eedb12fe0c1cefa827a6c23e9ad92ad6ad4962ea9d8e3a09d82021b0bbc2c0448,Christine,Stevenson,"70442 Johnson Divide, Berghaven, IN 11017",2581.34,False,2024-08-28 23:53:29.471414,2025-01-08 23:53:29.471414
191,christinaduran@example.net,scrypt:32768:8:1$07oplgLwhTMHXsRZ$c3451a20f0e298db567139241016d70212639e5f941a8f0488693b979cfef2895c7c526457646962c983b3ba0b96b107486a52193615ab2df2d3eed06f1f8164,Courtney,Chavez,"7723 Craig Branch, North Elizabeth, ND 66243",4469.5,False,2024-08-07 23:53:29.514768,2024-10-16 23:53:29.514768
192,jodi22@example.com,scrypt:32768:8:1$dpeTmQ6qaEmiUcyU$1f8e47ee5e8fc42698e7cd65faa5c340a41d2342cd88c444579bfa33271f96b4ebf855afc169657a15175ef96c82bf662d5e5d181b036738e950a8e29aa8b812,Chad,Jarvis,"29527 Samantha Vista Apt. 113, Port Michael, NM 62765",3391.51,False,2024-05-20 23:53:29.558112,2025-03-05 23:53:29.558112
193,brownjames@example.net,scrypt:32768:8:1$Ld30q81TYQkrO91T$22b7dec5a32258f530cd67b336ec3577b0f1285b649e7377f9b7c71c6086a4efa6e26b7b720a4490784eab5b21533e41f1583228eeb958e76779075f60a70ce6,Jose,Lopez,"49416 Brandi Inlet, Alexandraland, MI 72545",3231.19,False,2024-11-07 23:53:29.601209,2024-12-24 23:53:29.601209
194,kfrazier@example.net,scrypt:32768:8:1$zMlxhnyWcO47Gj1q$0647416acd25af731e2521e99d40092dfecfbbb4fdfeae259b414d8f775cb6058b841a173b5d24fd850df4169afaaa8a8e6f322fd23061880ddb555bb8ea3103,Tamara,West,"Unit 4562 Box 4782, DPO AE 12338",3056.24,False,2025-03-31 23:53:29.644764,2025-04-24 23:53:29.644764
195,donaldkennedy@example.com,scrypt:32768:8:1$DJ17NvZpC5NKvqR2$848fd223f8d1ab817e7d2ba6a8924b664a7cbbd021f31f6ffa4812be1119af96732f3f36a0d38f637cc0bbd3f294d3c61f4f8e3f2fb56aaca01f157ddcd1c2ba,Robert,James,"84233 John Bridge Apt. 880, North Gary, NM 20788",4305.59,False,2024-10-23 23:53:29.688258,2024-12-13 23:53:29.688258
196,devin74@example.org,scrypt:32768:8:1$A7Yp8ZeHh59kE2Vl$f64c0887b5450cb8b6f7d61088e71614bbf27ec450e5755c0e34705474e7b57f7885bee9d9e84b3e6a70ae942d735f9033dff988955cc9ffd412b01f1ff1df17,David,Thompson,"3935 Salas Wells, South Gregorymouth, MO 40790",3934.46,False,2024-05-21 23:53:29.731366,2024-08-07 23:53:29.731366
197,williamsdavid@example.com,scrypt:32768:8:1$dadmHRUNO3biblu0$b163d0597dfde785f5bd88bfd6dffacfcedb21da2c8ff6cb9fecfa7ff7d2632d77cc828e5de1e0917d9cc70428afaa47dd873765edaf8a1dbf57ca1ebd409a65,April,Velez,"921 Jacob Alley, Collinsfurt, NH 12279",1326.2,False,2025-04-11 23:53:29.774486,2025-04-27 23:53:29.774486
198,roseevans@example.com,scrypt:32768:8:1$CDwd6cIyaMfhtsJQ$4ba5869181e9c40dddce92efaa2ac9438d94409c6b40f40e7bf0caf263627506e78df0ba1676deb7024ca565bc472d16931ebb34512dc2b8171e548c99ee02ec,Shelby,Bullock,"39957 Gray Burgs Suite 284, New George, SD 54055",1663.04,False,2024-12-06 23:53:29.817546,2025-01-26 23:53:29.817546
199,mendezronald@example.net,scrypt:32768:8:1$t8c44Szh7he77sqx$f6df8b402356fe04ded2958ef7a0b2c20f66fdddc44d9b6dd6b6b7b2f137274e5fc8016ea6e09e287adfdbf3dd3e90ef3adbe8e1930b3c1b50763cdd250ac470,Keith,Allen,"01241 Raymond Vista, Claudiaton, CA 31821",2765.39,False,2024-12-01 23:53:29.860580,2025-02-08 23:53:29.860580
