inventory_id,seller_id,product_id,quantity,unit_price,created_at,updated_at
0,47,0,189,176.87,2024-08-07 00:36:33.134894,2024-08-10 00:36:33.134894
1,12,1,928,718.81,2024-08-14 00:36:33.134900,2024-10-25 00:36:33.134900
2,26,2,601,686.32,2024-12-21 00:36:33.134903,2024-12-23 00:36:33.134903
3,5,3,997,67.52,2025-02-09 00:36:33.134907,2025-03-04 00:36:33.134907
4,25,4,204,384.17,2024-11-08 00:36:33.134910,2025-04-08 00:36:33.134910
5,16,5,419,794.02,2024-12-30 00:36:33.134913,2025-03-30 00:36:33.134913
6,18,6,154,941.76,2024-06-26 00:36:33.134916,2024-11-07 00:36:33.134916
7,42,7,505,819.19,2025-01-05 00:36:33.134919,2025-04-17 00:36:33.134919
8,47,8,570,839.88,2024-12-07 00:36:33.134921,2025-01-14 00:36:33.134921
9,31,9,301,718.72,2025-03-02 00:36:33.134924,2025-03-03 00:36:33.134924
10,34,10,346,858.89,2024-05-18 00:36:33.134926,2024-07-01 00:36:33.134926
11,6,11,944,900.25,2025-02-14 00:36:33.134929,2025-03-15 00:36:33.134929
12,36,12,923,172.79,2024-12-03 00:36:33.134931,2024-12-05 00:36:33.134931
13,34,13,779,723.37,2024-07-22 00:36:33.134934,2025-01-29 00:36:33.134934
14,6,14,178,144.05,2025-02-02 00:36:33.134937,2025-03-27 00:36:33.134937
15,27,15,213,561.38,2024-06-27 00:36:33.134939,2024-09-30 00:36:33.134939
16,21,16,163,484.07,2025-03-29 00:36:33.134942,2025-04-17 00:36:33.134942
17,47,17,166,873.91,2025-01-06 00:36:33.134944,2025-03-10 00:36:33.134944
18,2,18,794,897.65,2024-05-30 00:36:33.134947,2025-03-22 00:36:33.134947
19,30,19,711,429.53,2024-11-10 00:36:33.134950,2025-02-03 00:36:33.134950
20,47,20,482,913.64,2024-08-29 00:36:33.134953,2024-12-22 00:36:33.134953
21,4,21,397,425.42,2024-12-05 00:36:33.134955,2024-12-20 00:36:33.134955
22,31,22,530,837.04,2024-08-21 00:36:33.134958,2024-09-27 00:36:33.134958
23,1,23,200,289.65,2024-06-27 00:36:33.134960,2025-03-07 00:36:33.134960
24,7,24,661,891.17,2024-12-23 00:36:33.134962,2025-04-08 00:36:33.134962
25,39,25,613,524.23,2024-09-04 00:36:33.134965,2024-11-21 00:36:33.134965
26,19,26,343,606.29,2024-08-01 00:36:33.134967,2024-12-20 00:36:33.134967
27,41,27,794,949.78,2024-10-16 00:36:33.134970,2025-02-11 00:36:33.134970
28,1,28,528,921.83,2024-05-09 00:36:33.134972,2024-11-24 00:36:33.134972
29,7,29,156,457.02,2025-02-12 00:36:33.134975,2025-03-21 00:36:33.134975
30,4,30,524,493.97,2024-07-31 00:36:33.134977,2024-10-30 00:36:33.134977
31,24,31,372,890.4,2024-10-22 00:36:33.134980,2025-04-11 00:36:33.134980
32,5,32,467,415.04,2025-03-25 00:36:33.134982,2025-04-17 00:36:33.134982
33,43,33,708,419.55,2024-10-03 00:36:33.134985,2025-04-11 00:36:33.134985
34,3,34,653,749.9,2025-01-08 00:36:33.134987,2025-01-25 00:36:33.134987
35,14,35,637,290.69,2024-06-28 00:36:33.134990,2024-10-24 00:36:33.134990
36,20,36,303,92.87,2024-05-26 00:36:33.134993,2024-06-11 00:36:33.134993
37,47,37,228,201.86,2024-05-25 00:36:33.134995,2024-07-15 00:36:33.134995
38,40,38,948,385.06,2025-01-23 00:36:33.134998,2025-03-23 00:36:33.134998
39,26,39,308,842.42,2024-06-01 00:36:33.135000,2024-11-18 00:36:33.135000
40,49,40,161,902.16,2025-04-03 00:36:33.135003,2025-04-11 00:36:33.135003
41,13,41,507,867.85,2024-04-24 00:36:33.135005,2025-02-19 00:36:33.135005
42,47,42,334,58.1,2024-12-15 00:36:33.135008,2025-02-27 00:36:33.135008
43,6,43,940,498.84,2024-12-13 00:36:33.135010,2025-03-05 00:36:33.135010
44,27,44,814,939.78,2024-07-14 00:36:33.135013,2025-03-13 00:36:33.135013
45,27,45,391,734.81,2024-12-12 00:36:33.135015,2025-04-13 00:36:33.135015
46,1,46,958,197.91,2024-10-31 00:36:33.135018,2025-02-09 00:36:33.135018
47,49,47,258,15.27,2024-09-19 00:36:33.135020,2024-11-26 00:36:33.135020
48,1,48,980,235.52,2025-01-13 00:36:33.135023,2025-03-18 00:36:33.135023
49,32,49,160,708.42,2024-09-09 00:36:33.135025,2025-04-18 00:36:33.135025
50,23,50,786,943.24,2025-04-09 00:36:33.135028,2025-04-09 00:36:33.135028
51,28,51,780,757.18,2024-09-03 00:36:33.135030,2024-11-02 00:36:33.135030
52,27,52,164,67.29,2025-01-27 00:36:33.135032,2025-03-21 00:36:33.135032
53,37,53,224,88.23,2024-05-20 00:36:33.135035,2024-09-15 00:36:33.135035
54,12,54,296,381.46,2024-12-08 00:36:33.135038,2024-12-24 00:36:33.135038
55,26,55,925,472.97,2024-10-07 00:36:33.135040,2025-01-04 00:36:33.135040
56,15,56,985,884.41,2024-06-18 00:36:33.135043,2025-02-22 00:36:33.135043
57,4,57,442,902.13,2024-07-05 00:36:33.135045,2025-04-18 00:36:33.135045
58,35,58,746,369.17,2024-09-15 00:36:33.135048,2025-02-22 00:36:33.135048
59,37,59,356,749.63,2024-12-10 00:36:33.135050,2025-02-08 00:36:33.135050
60,36,60,911,628.68,2024-10-17 00:36:33.135053,2025-03-27 00:36:33.135053
61,39,61,322,392.71,2024-09-17 00:36:33.135055,2024-10-21 00:36:33.135055
62,27,62,753,21.34,2024-09-07 00:36:33.135058,2024-12-22 00:36:33.135058
63,12,63,533,630.06,2024-05-27 00:36:33.135060,2025-02-03 00:36:33.135060
64,6,64,429,87.16,2025-02-06 00:36:33.135063,2025-04-06 00:36:33.135063
65,21,65,993,891.08,2024-09-26 00:36:33.135066,2025-03-04 00:36:33.135066
66,13,66,424,5.7,2024-11-17 00:36:33.135068,2025-02-26 00:36:33.135068
67,47,67,606,116.73,2024-10-02 00:36:33.135071,2024-11-21 00:36:33.135071
68,1,68,248,976.12,2025-03-01 00:36:33.135073,2025-03-05 00:36:33.135073
69,41,69,607,834.81,2024-08-20 00:36:33.135076,2024-10-09 00:36:33.135076
70,32,70,805,363.39,2025-02-10 00:36:33.135078,2025-02-26 00:36:33.135078
71,1,71,411,418.11,2025-02-09 00:36:33.135081,2025-03-13 00:36:33.135081
72,29,72,887,246.85,2025-01-26 00:36:33.135083,2025-02-07 00:36:33.135083
73,35,73,645,280.38,2024-08-31 00:36:33.135086,2024-11-28 00:36:33.135086
74,13,74,565,198.94,2024-07-26 00:36:33.135088,2024-10-14 00:36:33.135088
75,18,75,899,376.92,2024-08-05 00:36:33.135090,2024-12-12 00:36:33.135090
76,6,76,789,464.53,2024-11-01 00:36:33.135093,2025-02-08 00:36:33.135093
77,2,77,599,987.47,2024-12-14 00:36:33.135096,2025-04-18 00:36:33.135096
78,13,78,255,669.68,2024-11-02 00:36:33.135098,2025-02-05 00:36:33.135098
79,25,79,437,263.02,2024-07-15 00:36:33.135101,2024-07-22 00:36:33.135101
80,37,80,140,83.23,2024-08-05 00:36:33.135103,2024-09-14 00:36:33.135103
81,15,81,653,13.13,2024-09-18 00:36:33.135106,2025-03-24 00:36:33.135106
82,20,82,759,917.23,2024-08-21 00:36:33.135114,2025-02-08 00:36:33.135114
83,36,83,310,320.65,2025-01-14 00:36:33.135116,2025-02-17 00:36:33.135116
84,47,84,423,36.22,2024-10-13 00:36:33.135119,2025-02-03 00:36:33.135119
85,14,85,194,954.52,2025-03-04 00:36:33.135121,2025-03-25 00:36:33.135121
86,0,86,250,744.71,2025-03-20 00:36:33.135124,2025-04-04 00:36:33.135124
87,19,87,846,893.01,2024-07-04 00:36:33.135126,2024-12-29 00:36:33.135126
88,22,88,794,67.74,2024-09-22 00:36:33.135129,2024-12-20 00:36:33.135129
89,41,89,839,36.87,2025-03-29 00:36:33.135131,2025-04-12 00:36:33.135131
90,22,90,900,840.13,2025-02-08 00:36:33.135134,2025-03-19 00:36:33.135134
91,33,91,896,838.75,2024-07-21 00:36:33.135137,2024-10-26 00:36:33.135137
92,5,92,404,703.53,2024-06-09 00:36:33.135139,2025-01-24 00:36:33.135139
93,9,93,868,505.71,2024-10-10 00:36:33.135142,2025-03-18 00:36:33.135142
94,18,94,573,247.07,2025-04-12 00:36:33.135144,2025-04-17 00:36:33.135144
95,25,95,428,861.71,2025-03-14 00:36:33.135147,2025-04-17 00:36:33.135147
96,27,96,545,767.86,2025-01-11 00:36:33.135149,2025-01-31 00:36:33.135149
97,7,97,298,592.14,2024-12-15 00:36:33.135152,2025-03-23 00:36:33.135152
98,40,98,277,110.01,2024-09-14 00:36:33.135154,2025-04-16 00:36:33.135154
99,3,99,126,549.26,2024-11-15 00:36:33.135157,2024-12-28 00:36:33.135157
100,40,100,791,612.68,2024-11-10 00:36:33.135159,2025-01-03 00:36:33.135159
101,42,101,878,985.28,2024-09-09 00:36:33.135162,2025-03-10 00:36:33.135162
102,28,102,536,495.47,2025-03-13 00:36:33.135164,2025-04-16 00:36:33.135164
103,12,103,467,127.95,2024-05-08 00:36:33.135167,2025-04-01 00:36:33.135167
104,16,104,191,48.95,2024-10-21 00:36:33.135169,2025-03-21 00:36:33.135169
105,5,105,983,971.37,2024-12-04 00:36:33.135171,2025-03-26 00:36:33.135171
106,0,106,375,324.87,2024-06-27 00:36:33.135174,2025-01-03 00:36:33.135174
107,10,107,614,670.78,2024-09-10 00:36:33.135176,2024-11-09 00:36:33.135176
108,15,108,635,851.88,2025-04-03 00:36:33.135179,2025-04-13 00:36:33.135179
109,16,109,711,886.47,2024-05-26 00:36:33.135181,2024-07-03 00:36:33.135181
110,23,110,573,83.99,2024-10-08 00:36:33.135184,2024-11-21 00:36:33.135184
111,17,111,414,543.56,2024-08-24 00:36:33.135186,2024-11-03 00:36:33.135186
112,21,112,529,641.34,2024-11-05 00:36:33.135189,2025-01-15 00:36:33.135189
113,9,113,341,326.04,2024-07-16 00:36:33.135191,2024-09-16 00:36:33.135191
114,0,114,624,911.32,2024-05-18 00:36:33.135194,2024-08-21 00:36:33.135194
115,8,115,205,453.18,2024-12-04 00:36:33.135196,2025-02-11 00:36:33.135196
116,46,116,173,791.99,2024-10-06 00:36:33.135199,2024-12-02 00:36:33.135199
117,5,117,850,469.92,2024-12-18 00:36:33.135201,2024-12-27 00:36:33.135201
118,39,118,376,206.78,2024-05-13 00:36:33.135204,2024-11-01 00:36:33.135204
119,18,119,731,5.81,2024-06-19 00:36:33.135206,2025-03-09 00:36:33.135206
120,40,120,547,459.83,2025-04-06 00:36:33.135209,2025-04-10 00:36:33.135209
121,29,121,200,909.17,2025-03-19 00:36:33.135211,2025-04-17 00:36:33.135211
122,25,122,440,979.54,2024-04-25 00:36:33.135214,2024-08-06 00:36:33.135214
123,22,123,979,772.84,2024-11-18 00:36:33.135217,2025-02-23 00:36:33.135217
124,27,124,386,32.85,2024-11-06 00:36:33.135219,2025-01-04 00:36:33.135219
125,17,125,951,928.61,2025-01-05 00:36:33.135221,2025-03-30 00:36:33.135221
126,11,126,803,61.7,2024-05-23 00:36:33.135224,2025-03-28 00:36:33.135224
127,27,127,885,248.81,2024-06-10 00:36:33.135227,2025-04-17 00:36:33.135227
128,35,128,357,485.48,2024-06-18 00:36:33.135229,2024-07-07 00:36:33.135229
129,40,129,921,803.57,2024-06-04 00:36:33.135232,2025-02-01 00:36:33.135232
130,28,130,506,744.52,2024-06-22 00:36:33.135234,2025-04-03 00:36:33.135234
131,17,131,959,397.74,2025-01-15 00:36:33.135237,2025-04-01 00:36:33.135237
132,40,132,873,956.28,2024-04-30 00:36:33.135239,2024-07-07 00:36:33.135239
133,10,133,216,748.41,2024-10-18 00:36:33.135242,2024-10-30 00:36:33.135242
134,0,134,797,354.56,2025-01-17 00:36:33.135244,2025-03-28 00:36:33.135244
135,34,135,245,621.76,2025-02-12 00:36:33.135247,2025-03-04 00:36:33.135247
136,20,136,651,512.22,2025-02-13 00:36:33.135249,2025-03-27 00:36:33.135249
137,40,137,291,459.65,2024-10-15 00:36:33.135252,2024-12-08 00:36:33.135252
138,13,138,571,644.22,2024-10-20 00:36:33.135254,2025-04-15 00:36:33.135254
139,6,139,948,563.48,2024-06-16 00:36:33.135257,2024-12-04 00:36:33.135257
140,13,140,569,990.72,2025-03-02 00:36:33.135260,2025-03-29 00:36:33.135260
141,39,141,352,133.58,2025-02-11 00:36:33.135262,2025-03-06 00:36:33.135262
142,40,142,170,98.99,2024-12-14 00:36:33.135265,2025-03-27 00:36:33.135265
143,0,143,820,977.32,2025-03-06 00:36:33.135267,2025-03-31 00:36:33.135267
144,0,144,114,422.35,2024-10-25 00:36:33.135270,2025-04-15 00:36:33.135270
145,9,145,698,138.24,2024-06-01 00:36:33.135272,2024-07-02 00:36:33.135272
146,45,146,212,618.67,2024-07-28 00:36:33.135275,2024-12-30 00:36:33.135275
147,18,147,542,412.68,2025-02-22 00:36:33.135277,2025-04-16 00:36:33.135277
148,41,148,309,302.42,2024-07-14 00:36:33.135280,2025-03-28 00:36:33.135280
149,7,149,490,570.95,2024-08-13 00:36:33.135283,2025-02-07 00:36:33.135283
150,10,150,891,750.19,2025-02-03 00:36:33.135285,2025-03-16 00:36:33.135285
151,8,151,532,438.43,2024-10-05 00:36:33.135288,2025-03-03 00:36:33.135288
152,27,152,643,576.9,2024-12-25 00:36:33.135290,2025-03-06 00:36:33.135290
153,48,153,694,466.78,2024-11-11 00:36:33.135292,2025-03-02 00:36:33.135292
154,0,154,690,746.28,2024-07-18 00:36:33.135295,2025-01-07 00:36:33.135295
155,20,155,478,254.99,2024-09-30 00:36:33.135297,2024-10-13 00:36:33.135297
156,21,156,666,272.45,2024-11-29 00:36:33.135300,2025-01-30 00:36:33.135300
157,14,157,803,846.17,2025-03-25 00:36:33.135302,2025-04-13 00:36:33.135302
158,45,158,945,737.97,2025-03-07 00:36:33.135305,2025-03-14 00:36:33.135305
159,29,159,827,93.63,2024-12-19 00:36:33.135307,2025-02-16 00:36:33.135307
160,41,160,699,239.01,2024-06-10 00:36:33.135310,2024-12-03 00:36:33.135310
161,35,161,564,25.67,2024-07-01 00:36:33.135312,2024-07-06 00:36:33.135312
162,37,162,749,720.39,2024-04-25 00:36:33.135315,2025-02-14 00:36:33.135315
163,1,163,908,393.2,2025-04-14 00:36:33.135317,2025-04-14 00:36:33.135317
164,49,164,147,917.13,2024-10-14 00:36:33.135320,2025-03-11 00:36:33.135320
165,25,165,543,391.93,2025-03-29 00:36:33.135322,2025-03-29 00:36:33.135322
166,4,166,973,894.46,2025-01-17 00:36:33.135325,2025-03-03 00:36:33.135325
167,44,167,107,807.7,2024-09-20 00:36:33.135327,2025-03-25 00:36:33.135327
168,33,168,684,628.93,2024-12-29 00:36:33.135330,2025-02-26 00:36:33.135330
169,29,169,324,675.64,2024-08-21 00:36:33.135332,2025-04-01 00:36:33.135332
170,43,170,106,99.33,2024-07-05 00:36:33.135335,2025-02-20 00:36:33.135335
171,0,171,350,232.74,2024-09-14 00:36:33.135337,2024-12-21 00:36:33.135337
172,17,172,396,736.3,2024-09-21 00:36:33.135340,2024-12-29 00:36:33.135340
173,4,173,683,887.28,2024-05-29 00:36:33.135342,2024-05-31 00:36:33.135342
174,14,174,141,82.59,2025-01-25 00:36:33.135345,2025-03-20 00:36:33.135345
175,10,175,628,372.71,2024-05-26 00:36:33.135347,2024-12-28 00:36:33.135347
176,48,176,241,747.64,2025-01-26 00:36:33.135350,2025-02-10 00:36:33.135350
177,2,177,183,616.39,2024-12-14 00:36:33.135352,2025-01-10 00:36:33.135352
178,35,178,498,339.39,2024-09-06 00:36:33.135355,2025-03-16 00:36:33.135355
179,46,179,259,201.31,2024-07-17 00:36:33.135357,2024-12-26 00:36:33.135357
180,18,180,617,540.55,2025-03-09 00:36:33.135360,2025-04-16 00:36:33.135360
181,16,181,758,463.97,2024-08-28 00:36:33.135362,2024-12-07 00:36:33.135362
182,36,182,469,652.34,2025-02-14 00:36:33.135364,2025-03-20 00:36:33.135364
183,19,183,632,874.5,2024-06-22 00:36:33.135367,2025-02-21 00:36:33.135367
184,21,184,605,828.22,2025-03-26 00:36:33.135370,2025-04-18 00:36:33.135370
185,10,185,347,49.42,2024-09-12 00:36:33.135372,2024-10-21 00:36:33.135372
186,46,186,762,414.42,2025-02-25 00:36:33.135375,2025-04-08 00:36:33.135375
187,4,187,687,759.97,2024-07-03 00:36:33.135377,2024-12-11 00:36:33.135377
188,22,188,975,337.73,2024-11-05 00:36:33.135379,2025-01-22 00:36:33.135379
189,35,189,754,521.12,2024-09-29 00:36:33.135382,2024-11-27 00:36:33.135382
190,23,190,447,631.97,2025-03-10 00:36:33.135385,2025-04-06 00:36:33.135385
191,39,191,255,924.85,2024-10-31 00:36:33.135388,2025-01-16 00:36:33.135388
192,47,192,970,433.42,2025-02-12 00:36:33.135390,2025-02-16 00:36:33.135390
193,41,193,661,897.25,2025-04-17 00:36:33.135393,2025-04-17 00:36:33.135393
194,21,194,618,610.29,2024-10-13 00:36:33.135395,2025-03-02 00:36:33.135395
195,12,195,443,338.34,2024-07-25 00:36:33.135398,2024-10-07 00:36:33.135398
196,42,196,365,42.73,2024-04-30 00:36:33.135400,2024-06-17 00:36:33.135400
197,48,197,768,46.11,2024-08-03 00:36:33.135403,2024-11-19 00:36:33.135403
198,8,198,737,389.83,2025-03-25 00:36:33.135405,2025-04-02 00:36:33.135405
199,27,199,336,488.99,2025-04-15 00:36:33.135408,2025-04-17 00:36:33.135408
200,44,200,581,147.48,2024-07-22 00:36:33.135410,2024-09-08 00:36:33.135410
201,1,201,931,246.86,2024-12-13 00:36:33.135413,2025-02-18 00:36:33.135413
202,29,202,672,962.25,2024-08-03 00:36:33.135415,2025-01-11 00:36:33.135415
203,44,203,219,254.58,2024-10-26 00:36:33.135418,2025-04-07 00:36:33.135418
204,35,204,694,384.25,2024-08-11 00:36:33.135420,2025-04-01 00:36:33.135420
205,2,205,361,810.01,2025-03-12 00:36:33.135422,2025-03-20 00:36:33.135422
206,11,206,588,670.91,2024-06-02 00:36:33.135425,2024-08-23 00:36:33.135425
207,34,207,578,157.5,2024-06-30 00:36:33.135427,2025-03-27 00:36:33.135427
208,9,208,397,388.55,2024-12-21 00:36:33.135430,2025-04-08 00:36:33.135430
209,33,209,580,72.54,2024-04-24 00:36:33.135433,2024-10-24 00:36:33.135433
210,21,210,377,293.91,2024-07-19 00:36:33.135436,2025-02-03 00:36:33.135436
211,29,211,900,383.77,2025-01-31 00:36:33.135439,2025-04-07 00:36:33.135439
212,33,212,626,893.91,2024-10-17 00:36:33.135441,2025-03-24 00:36:33.135441
213,49,213,739,533.95,2024-06-09 00:36:33.135444,2024-09-13 00:36:33.135444
214,1,214,160,334.67,2025-04-16 00:36:33.135446,2025-04-17 00:36:33.135446
215,46,215,657,778.76,2024-07-11 00:36:33.135449,2024-10-20 00:36:33.135449
216,29,216,868,745.3,2025-04-13 00:36:33.135451,2025-04-16 00:36:33.135451
217,24,217,625,136.21,2024-07-18 00:36:33.135454,2024-08-27 00:36:33.135454
218,20,218,302,404.71,2024-07-01 00:36:33.135456,2024-12-22 00:36:33.135456
219,7,219,269,228.58,2024-05-21 00:36:33.135458,2025-02-13 00:36:33.135458
220,36,220,627,972.05,2024-10-28 00:36:33.135461,2024-12-21 00:36:33.135461
221,46,221,936,612.46,2024-10-24 00:36:33.135463,2024-12-20 00:36:33.135463
222,49,222,517,88.06,2024-12-09 00:36:33.135466,2025-02-05 00:36:33.135466
223,23,223,241,435.35,2025-02-10 00:36:33.135468,2025-02-28 00:36:33.135468
224,23,224,126,983.91,2024-11-03 00:36:33.135471,2025-01-28 00:36:33.135471
225,47,225,102,895.72,2024-11-19 00:36:33.135473,2024-12-16 00:36:33.135473
226,24,226,452,27.04,2025-02-20 00:36:33.135476,2025-04-18 00:36:33.135476
227,8,227,447,636.95,2024-07-01 00:36:33.135478,2024-10-03 00:36:33.135478
228,22,228,804,122.35,2025-02-28 00:36:33.135481,2025-03-31 00:36:33.135481
229,16,229,885,842.67,2024-06-25 00:36:33.135483,2024-11-08 00:36:33.135483
230,21,230,291,801.77,2024-04-27 00:36:33.135486,2024-09-11 00:36:33.135486
231,20,231,411,172.26,2025-01-12 00:36:33.135488,2025-04-11 00:36:33.135488
232,21,232,406,366.53,2025-04-10 00:36:33.135491,2025-04-18 00:36:33.135491
233,4,233,487,110.41,2024-08-21 00:36:33.135493,2024-12-15 00:36:33.135493
234,32,234,225,931.14,2025-02-05 00:36:33.135496,2025-02-06 00:36:33.135496
235,45,235,207,587.13,2024-10-25 00:36:33.135498,2025-04-13 00:36:33.135498
236,39,236,759,685.18,2025-03-06 00:36:33.135501,2025-03-11 00:36:33.135501
237,0,237,924,273.5,2024-05-24 00:36:33.135503,2024-06-10 00:36:33.135503
238,3,238,950,236.37,2025-04-05 00:36:33.135505,2025-04-14 00:36:33.135505
239,40,239,240,230.02,2024-12-21 00:36:33.135508,2025-03-02 00:36:33.135508
240,24,240,130,701.99,2025-03-25 00:36:33.135510,2025-04-05 00:36:33.135510
241,12,241,978,44.35,2024-10-15 00:36:33.135513,2024-12-11 00:36:33.135513
242,33,242,455,276.79,2024-12-12 00:36:33.135515,2025-03-14 00:36:33.135515
243,31,243,416,394.96,2025-04-12 00:36:33.135518,2025-04-17 00:36:33.135518
244,0,244,634,728.14,2024-05-06 00:36:33.135521,2025-01-04 00:36:33.135521
245,26,245,389,152.62,2024-09-03 00:36:33.135523,2025-04-05 00:36:33.135523
246,6,246,710,320.08,2024-10-24 00:36:33.135525,2025-03-02 00:36:33.135525
247,3,247,904,18.56,2024-11-19 00:36:33.135527,2025-02-01 00:36:33.135527
248,15,248,151,958.8,2024-05-09 00:36:33.135530,2025-02-08 00:36:33.135530
249,28,249,950,548.5,2024-12-02 00:36:33.135532,2025-02-09 00:36:33.135532
250,13,250,507,803.92,2025-02-27 00:36:33.135534,2025-03-03 00:36:33.135534
251,29,251,957,343.1,2024-07-16 00:36:33.135537,2025-02-10 00:36:33.135537
252,33,252,108,944.55,2024-06-09 00:36:33.135539,2025-04-07 00:36:33.135539
253,26,253,524,644.32,2024-05-16 00:36:33.135541,2024-09-14 00:36:33.135541
254,9,254,576,283.89,2024-05-03 00:36:33.135543,2025-03-09 00:36:33.135543
255,28,255,167,885.46,2024-04-28 00:36:33.135546,2024-09-01 00:36:33.135546
256,47,256,855,924.69,2024-12-25 00:36:33.135548,2025-02-11 00:36:33.135548
257,16,257,315,622.63,2024-09-24 00:36:33.135550,2025-01-24 00:36:33.135550
258,20,258,832,597.79,2024-05-28 00:36:33.135553,2025-03-05 00:36:33.135553
259,31,259,209,331.98,2024-12-02 00:36:33.135555,2025-01-21 00:36:33.135555
260,24,260,856,553.37,2024-08-22 00:36:33.135557,2025-04-03 00:36:33.135557
261,21,261,667,859.46,2025-04-13 00:36:33.135560,2025-04-13 00:36:33.135560
262,22,262,845,469.64,2024-11-05 00:36:33.135562,2025-01-06 00:36:33.135562
263,14,263,604,402.3,2025-04-16 00:36:33.135564,2025-04-17 00:36:33.135564
264,49,264,357,263.09,2025-02-22 00:36:33.135567,2025-04-17 00:36:33.135567
265,22,265,378,383.23,2025-01-25 00:36:33.135569,2025-03-22 00:36:33.135569
266,0,266,857,485.85,2024-07-27 00:36:33.135571,2024-10-12 00:36:33.135571
267,35,267,292,230.57,2024-09-09 00:36:33.135574,2024-09-27 00:36:33.135574
268,28,268,582,186.34,2024-07-02 00:36:33.135576,2024-11-16 00:36:33.135576
269,42,269,177,409.44,2024-12-23 00:36:33.135578,2025-01-11 00:36:33.135578
270,14,270,495,326.67,2025-01-31 00:36:33.135580,2025-02-02 00:36:33.135580
271,10,271,817,943.93,2024-08-18 00:36:33.135583,2024-12-09 00:36:33.135583
272,8,272,308,431.2,2024-12-03 00:36:33.135585,2025-03-29 00:36:33.135585
273,9,273,110,750.91,2024-05-21 00:36:33.135587,2025-04-06 00:36:33.135587
274,15,274,615,116.46,2024-09-14 00:36:33.135590,2025-03-16 00:36:33.135590
275,17,275,350,667.8,2024-06-21 00:36:33.135592,2024-11-14 00:36:33.135592
276,17,276,222,740.8,2024-11-25 00:36:33.135594,2025-04-05 00:36:33.135594
277,32,277,814,395.06,2024-07-14 00:36:33.135596,2025-02-18 00:36:33.135596
278,14,278,673,915.84,2024-10-13 00:36:33.135599,2024-12-02 00:36:33.135599
279,13,279,547,293.38,2025-01-17 00:36:33.135601,2025-03-18 00:36:33.135601
280,49,280,148,597.25,2025-04-09 00:36:33.135603,2025-04-17 00:36:33.135603
281,1,281,742,623.34,2025-03-14 00:36:33.135605,2025-04-04 00:36:33.135605
282,49,282,136,852.27,2025-01-29 00:36:33.135608,2025-03-09 00:36:33.135608
283,2,283,651,53.65,2024-09-30 00:36:33.135610,2025-03-19 00:36:33.135610
284,38,284,589,538.45,2024-05-13 00:36:33.135612,2024-07-28 00:36:33.135612
285,20,285,682,167.39,2025-01-17 00:36:33.135615,2025-03-12 00:36:33.135615
286,5,286,419,660.7,2024-09-21 00:36:33.135617,2024-10-17 00:36:33.135617
287,7,287,188,614.71,2024-09-07 00:36:33.135619,2025-01-29 00:36:33.135619
288,16,288,280,814.06,2024-05-12 00:36:33.135621,2025-03-10 00:36:33.135621
289,29,289,464,250.83,2024-11-11 00:36:33.135624,2025-02-05 00:36:33.135624
290,20,290,104,971.39,2024-11-20 00:36:33.135626,2025-04-04 00:36:33.135626
291,15,291,122,643.88,2025-02-01 00:36:33.135628,2025-03-08 00:36:33.135628
292,34,292,854,161.38,2024-12-09 00:36:33.135630,2025-03-26 00:36:33.135630
293,2,293,435,202.02,2024-05-18 00:36:33.135633,2024-09-30 00:36:33.135633
294,40,294,361,294.29,2024-07-17 00:36:33.135635,2025-01-20 00:36:33.135635
295,26,295,136,9.17,2024-09-25 00:36:33.135638,2025-02-24 00:36:33.135638
296,36,296,647,35.9,2024-08-28 00:36:33.135640,2025-04-06 00:36:33.135640
297,10,297,490,526.8,2024-04-24 00:36:33.135642,2024-05-05 00:36:33.135642
298,12,298,996,388.5,2025-03-24 00:36:33.135644,2025-03-25 00:36:33.135644
299,25,299,858,670.48,2024-09-21 00:36:33.135647,2025-03-17 00:36:33.135647
300,15,192,222,981.76,2024-09-17 00:36:33.135665,2025-01-31 00:36:33.135665
301,17,108,211,437.07,2024-09-30 00:36:33.135669,2025-03-31 00:36:33.135669
302,12,42,132,664.9,2024-05-09 00:36:33.135672,2024-12-16 00:36:33.135672
303,47,264,76,519.48,2025-04-05 00:36:33.135675,2025-04-18 00:36:33.135675
304,7,199,421,532.21,2024-12-05 00:36:33.135678,2024-12-18 00:36:33.135678
305,20,298,293,539.13,2024-05-12 00:36:33.135681,2025-03-29 00:36:33.135681
306,49,101,386,746.65,2024-11-03 00:36:33.135696,2025-01-19 00:36:33.135696
307,40,175,395,975.69,2024-10-07 00:36:33.135699,2024-11-14 00:36:33.135699
308,48,9,75,470.46,2024-04-22 00:36:33.135702,2024-05-17 00:36:33.135702
309,37,209,106,204.47,2025-01-23 00:36:33.135705,2025-03-07 00:36:33.135705
310,29,73,233,935.38,2024-09-02 00:36:33.135707,2025-02-02 00:36:33.135707
311,42,158,166,778.74,2024-07-12 00:36:33.135711,2025-03-24 00:36:33.135711
312,11,277,274,309.45,2025-04-13 00:36:33.135713,2025-04-16 00:36:33.135713
313,3,270,272,142.33,2024-08-03 00:36:33.135716,2024-11-27 00:36:33.135716
314,11,47,333,474.84,2025-01-13 00:36:33.135718,2025-03-20 00:36:33.135718
315,16,145,348,252.19,2024-12-08 00:36:33.135721,2024-12-26 00:36:33.135721
316,9,255,185,202.79,2024-06-19 00:36:33.135724,2024-09-26 00:36:33.135724
317,14,145,308,666.28,2025-04-05 00:36:33.135727,2025-04-07 00:36:33.135727
318,29,186,138,813.91,2024-12-19 00:36:33.135729,2025-03-20 00:36:33.135729
319,4,191,69,462.38,2024-10-21 00:36:33.135732,2025-03-07 00:36:33.135732
320,14,297,477,745.46,2024-12-25 00:36:33.135734,2025-02-20 00:36:33.135734
321,43,183,448,54.96,2024-12-17 00:36:33.135737,2025-01-15 00:36:33.135737
322,35,52,121,487.07,2024-06-15 00:36:33.135740,2024-11-18 00:36:33.135740
323,30,25,414,543.11,2024-12-06 00:36:33.135742,2025-01-15 00:36:33.135742
324,20,53,272,838.74,2025-02-13 00:36:33.135745,2025-03-17 00:36:33.135745
325,12,281,274,896.32,2025-01-17 00:36:33.135747,2025-02-25 00:36:33.135747
326,1,270,67,181.98,2025-02-20 00:36:33.135750,2025-02-21 00:36:33.135750
327,9,244,332,991.71,2024-10-17 00:36:33.135753,2024-11-04 00:36:33.135753
328,14,7,284,632.57,2025-04-14 00:36:33.135755,2025-04-14 00:36:33.135755
329,8,64,57,415.19,2024-10-26 00:36:33.135758,2025-04-14 00:36:33.135758
330,27,256,128,953.12,2024-09-15 00:36:33.135760,2024-12-01 00:36:33.135760
331,33,159,178,843.66,2024-12-25 00:36:33.135763,2025-02-12 00:36:33.135763
332,30,119,211,69.38,2024-06-18 00:36:33.135765,2024-09-07 00:36:33.135765
333,23,239,428,236.65,2024-05-05 00:36:33.135768,2025-02-15 00:36:33.135768
334,11,213,350,907.0,2024-05-27 00:36:33.135771,2025-02-03 00:36:33.135771
335,20,137,201,117.15,2024-07-12 00:36:33.135774,2024-09-20 00:36:33.135774
336,27,122,129,600.5,2025-01-26 00:36:33.135776,2025-04-07 00:36:33.135776
337,21,235,486,731.81,2024-06-01 00:36:33.135780,2024-11-18 00:36:33.135780
338,36,216,426,540.66,2024-08-19 00:36:33.135783,2025-03-07 00:36:33.135783
339,21,34,439,759.24,2025-04-06 00:36:33.135785,2025-04-18 00:36:33.135785
340,26,12,217,508.32,2024-04-30 00:36:33.135788,2025-03-11 00:36:33.135788
341,0,278,270,450.18,2024-11-17 00:36:33.135790,2024-12-27 00:36:33.135790
342,32,110,211,667.55,2024-06-01 00:36:33.135793,2024-07-12 00:36:33.135793
343,25,98,103,653.3,2024-12-11 00:36:33.135796,2025-01-31 00:36:33.135796
344,37,286,180,307.55,2024-12-28 00:36:33.135798,2025-01-06 00:36:33.135798
345,24,160,102,578.25,2025-02-12 00:36:33.135801,2025-04-04 00:36:33.135801
346,49,92,420,453.08,2025-01-13 00:36:33.135803,2025-04-09 00:36:33.135803
347,26,229,164,35.17,2025-02-05 00:36:33.135806,2025-03-28 00:36:33.135806
348,3,6,77,833.51,2024-07-15 00:36:33.135809,2024-09-08 00:36:33.135809
349,2,39,191,244.25,2024-11-05 00:36:33.135811,2025-02-22 00:36:33.135811
350,1,254,338,727.72,2025-01-05 00:36:33.135814,2025-01-27 00:36:33.135814
351,36,68,451,607.82,2024-10-26 00:36:33.135816,2024-11-11 00:36:33.135816
352,30,103,269,448.37,2024-08-18 00:36:33.135819,2024-12-26 00:36:33.135819
353,19,196,171,912.5,2024-06-01 00:36:33.135821,2024-08-06 00:36:33.135821
354,18,61,437,549.06,2025-02-15 00:36:33.135824,2025-03-28 00:36:33.135824
355,21,221,326,133.03,2024-11-15 00:36:33.135827,2025-01-23 00:36:33.135827
356,9,285,186,194.21,2025-04-13 00:36:33.135829,2025-04-13 00:36:33.135829
357,43,211,87,946.69,2025-03-04 00:36:33.135832,2025-03-08 00:36:33.135832
358,41,22,57,609.62,2024-09-04 00:36:33.135834,2024-11-25 00:36:33.135834
359,43,150,310,286.47,2024-06-14 00:36:33.135837,2024-12-05 00:36:33.135837
360,35,67,399,273.82,2024-06-03 00:36:33.135840,2024-07-01 00:36:33.135840
361,23,9,289,772.62,2024-06-12 00:36:33.135843,2024-06-22 00:36:33.135843
362,23,129,273,731.22,2024-09-11 00:36:33.135846,2025-01-20 00:36:33.135846
363,3,37,468,714.86,2025-04-14 00:36:33.135848,2025-04-14 00:36:33.135848
364,11,40,79,30.47,2024-12-10 00:36:33.135851,2025-01-08 00:36:33.135851
365,20,208,235,966.86,2024-07-09 00:36:33.135854,2025-02-02 00:36:33.135854
366,34,127,415,144.75,2024-08-26 00:36:33.135856,2025-01-22 00:36:33.135856
367,43,290,90,639.84,2024-08-29 00:36:33.135859,2024-09-20 00:36:33.135859
368,2,232,140,638.56,2025-01-09 00:36:33.135861,2025-01-16 00:36:33.135861
369,34,238,164,883.03,2024-05-05 00:36:33.135864,2025-01-19 00:36:33.135864
370,28,93,53,200.88,2024-10-30 00:36:33.135867,2024-12-27 00:36:33.135867
371,24,70,258,857.31,2024-07-01 00:36:33.135869,2025-01-21 00:36:33.135869
372,23,125,156,80.82,2025-01-16 00:36:33.135872,2025-03-07 00:36:33.135872
373,11,130,136,365.13,2025-03-26 00:36:33.135874,2025-03-29 00:36:33.135874
374,25,141,298,840.01,2024-07-22 00:36:33.135877,2025-04-11 00:36:33.135877
375,30,182,55,780.84,2024-05-25 00:36:33.135879,2024-07-26 00:36:33.135879
376,18,253,275,189.53,2025-01-31 00:36:33.135882,2025-02-02 00:36:33.135882
377,13,227,320,59.59,2024-05-09 00:36:33.135885,2024-12-29 00:36:33.135885
378,22,270,186,190.8,2024-07-26 00:36:33.135888,2024-11-02 00:36:33.135888
379,7,186,430,684.27,2025-04-09 00:36:33.135890,2025-04-10 00:36:33.135890
380,18,259,316,594.47,2024-05-19 00:36:33.135893,2024-10-27 00:36:33.135893
381,29,125,209,795.99,2024-11-01 00:36:33.135895,2024-12-12 00:36:33.135895
382,11,173,465,695.11,2024-09-30 00:36:33.135898,2024-10-16 00:36:33.135898
383,21,55,72,465.32,2025-03-19 00:36:33.135901,2025-04-11 00:36:33.135901
384,34,131,265,114.5,2024-06-11 00:36:33.135904,2024-11-14 00:36:33.135904
385,46,58,179,969.22,2024-10-01 00:36:33.135906,2025-01-16 00:36:33.135906
386,24,12,478,581.33,2025-03-29 00:36:33.135909,2025-04-10 00:36:33.135909
387,22,236,132,996.94,2024-12-06 00:36:33.135911,2024-12-22 00:36:33.135911
388,36,85,295,427.74,2025-01-18 00:36:33.135914,2025-01-30 00:36:33.135914
389,18,229,486,607.72,2024-12-10 00:36:33.135916,2025-02-10 00:36:33.135916
390,45,185,485,162.66,2024-10-31 00:36:33.135919,2024-12-14 00:36:33.135919
391,40,36,68,836.29,2024-12-02 00:36:33.135921,2025-02-19 00:36:33.135921
392,1,285,53,343.12,2024-06-02 00:36:33.135924,2025-04-05 00:36:33.135924
393,48,31,195,428.23,2025-03-13 00:36:33.135927,2025-03-13 00:36:33.135927
394,32,80,280,681.63,2024-04-30 00:36:33.135929,2024-09-16 00:36:33.135929
395,38,249,142,97.9,2024-07-24 00:36:33.135932,2025-02-16 00:36:33.135932
396,4,97,237,592.44,2024-11-02 00:36:33.135935,2024-12-14 00:36:33.135935
397,0,268,70,868.1,2025-02-27 00:36:33.135937,2025-03-22 00:36:33.135937
398,46,73,397,992.49,2024-10-06 00:36:33.135940,2025-04-07 00:36:33.135940
399,10,81,146,578.57,2025-03-25 00:36:33.135942,2025-04-08 00:36:33.135942
400,45,225,426,620.57,2024-05-20 00:36:33.135945,2024-07-11 00:36:33.135945
401,26,102,213,3.54,2024-06-10 00:36:33.135948,2025-02-07 00:36:33.135948
402,27,173,181,360.14,2024-06-01 00:36:33.135950,2024-06-20 00:36:33.135950
403,18,289,417,661.9,2025-03-12 00:36:33.135953,2025-03-26 00:36:33.135953
404,46,83,301,860.52,2024-08-18 00:36:33.135955,2024-11-01 00:36:33.135955
405,27,242,76,916.48,2024-06-03 00:36:33.135958,2024-10-13 00:36:33.135958
406,23,104,81,918.93,2025-04-13 00:36:33.135961,2025-04-13 00:36:33.135961
407,10,64,186,782.32,2024-12-16 00:36:33.135963,2025-01-02 00:36:33.135963
408,39,127,216,125.85,2025-02-08 00:36:33.135966,2025-04-15 00:36:33.135966
409,15,201,104,508.58,2024-08-25 00:36:33.135968,2024-11-29 00:36:33.135968
410,39,104,343,115.41,2024-05-07 00:36:33.135971,2025-01-09 00:36:33.135971
411,1,242,414,935.21,2024-08-11 00:36:33.135973,2024-12-22 00:36:33.135973
412,43,192,110,907.38,2024-06-29 00:36:33.135976,2024-09-04 00:36:33.135976
413,4,90,178,459.82,2025-01-26 00:36:33.135978,2025-04-12 00:36:33.135978
414,6,207,112,460.21,2024-10-04 00:36:33.135981,2025-02-17 00:36:33.135981
415,28,104,392,212.39,2024-11-19 00:36:33.135983,2024-12-07 00:36:33.135983
416,48,24,136,743.21,2024-05-26 00:36:33.135986,2024-09-15 00:36:33.135986
417,32,95,65,88.62,2025-01-23 00:36:33.135988,2025-04-07 00:36:33.135988
418,37,200,91,538.02,2024-09-02 00:36:33.135991,2024-09-28 00:36:33.135991
419,2,154,251,451.7,2025-03-16 00:36:33.135994,2025-04-03 00:36:33.135994
420,38,229,70,221.51,2024-08-15 00:36:33.135997,2024-11-11 00:36:33.135997
421,5,248,264,837.92,2024-08-19 00:36:33.135999,2024-08-30 00:36:33.135999
422,34,141,56,326.72,2025-04-09 00:36:33.136002,2025-04-12 00:36:33.136002
423,37,185,457,721.51,2024-04-22 00:36:33.136005,2024-10-12 00:36:33.136005
424,27,33,446,369.23,2025-02-10 00:36:33.136008,2025-03-17 00:36:33.136008
425,24,209,343,97.96,2025-04-05 00:36:33.136010,2025-04-12 00:36:33.136010
426,27,233,196,749.27,2025-03-11 00:36:33.136013,2025-03-22 00:36:33.136013
427,16,227,379,558.53,2025-01-24 00:36:33.136016,2025-02-03 00:36:33.136016
428,30,131,474,973.47,2024-05-16 00:36:33.136019,2024-10-18 00:36:33.136019
429,0,149,364,587.21,2024-05-07 00:36:33.136022,2024-08-06 00:36:33.136022
430,19,59,259,805.47,2024-12-13 00:36:33.136025,2025-03-03 00:36:33.136025
431,48,52,59,708.67,2024-09-19 00:36:33.136027,2024-11-24 00:36:33.136027
432,47,123,257,11.43,2025-03-04 00:36:33.136031,2025-04-01 00:36:33.136031
433,45,33,448,243.6,2025-04-05 00:36:33.136035,2025-04-14 00:36:33.136035
434,26,11,347,512.36,2024-05-30 00:36:33.136038,2025-01-06 00:36:33.136038
435,31,193,165,312.01,2025-03-02 00:36:33.136040,2025-04-01 00:36:33.136040
436,15,124,477,259.32,2024-11-16 00:36:33.136043,2025-02-10 00:36:33.136043
437,22,140,72,336.99,2025-03-31 00:36:33.136046,2025-04-03 00:36:33.136046
438,3,65,317,550.12,2025-04-13 00:36:33.136049,2025-04-13 00:36:33.136049
439,5,118,157,355.09,2024-09-19 00:36:33.136052,2025-01-12 00:36:33.136052
440,2,117,282,433.53,2024-09-05 00:36:33.136055,2025-03-28 00:36:33.136055
441,37,285,108,807.94,2024-09-23 00:36:33.136058,2024-12-11 00:36:33.136058
442,13,130,373,795.27,2024-08-03 00:36:33.136061,2024-10-03 00:36:33.136061
443,5,47,282,515.17,2024-05-30 00:36:33.136064,2024-08-07 00:36:33.136064
444,16,235,237,789.34,2024-12-19 00:36:33.136067,2025-01-07 00:36:33.136067
445,0,172,499,889.34,2024-05-17 00:36:33.136071,2024-07-01 00:36:33.136071
446,10,275,228,278.99,2025-02-03 00:36:33.136074,2025-04-03 00:36:33.136074
447,13,65,488,795.51,2024-08-27 00:36:33.136076,2024-09-28 00:36:33.136076
448,32,220,99,760.92,2024-05-21 00:36:33.136079,2024-09-28 00:36:33.136079
449,3,162,219,862.44,2025-01-17 00:36:33.136082,2025-03-18 00:36:33.136082
450,30,169,481,385.32,2024-09-14 00:36:33.136085,2025-01-05 00:36:33.136085
451,4,150,468,996.72,2024-04-19 00:36:33.136088,2024-06-30 00:36:33.136088
452,25,37,443,92.34,2024-12-31 00:36:33.136091,2025-02-27 00:36:33.136091
453,29,93,86,568.0,2024-11-21 00:36:33.136094,2025-03-10 00:36:33.136094
454,1,205,311,470.03,2024-05-14 00:36:33.136096,2024-09-10 00:36:33.136096
455,18,37,63,151.04,2024-12-16 00:36:33.136099,2025-03-08 00:36:33.136099
456,46,144,461,357.41,2024-05-28 00:36:33.136102,2024-11-22 00:36:33.136102
457,0,190,135,300.61,2024-11-23 00:36:33.136105,2025-04-12 00:36:33.136105
458,33,235,497,861.19,2024-05-23 00:36:33.136108,2024-05-23 00:36:33.136108
459,41,287,392,942.34,2025-04-13 00:36:33.136110,2025-04-14 00:36:33.136110
460,18,33,487,316.46,2024-05-04 00:36:33.136113,2025-01-26 00:36:33.136113
461,27,57,131,861.52,2024-11-19 00:36:33.136116,2025-02-02 00:36:33.136116
462,32,276,392,300.19,2024-09-20 00:36:33.136119,2024-10-07 00:36:33.136119
463,18,139,201,478.54,2025-04-03 00:36:33.136122,2025-04-18 00:36:33.136122
464,7,115,284,818.15,2024-12-21 00:36:33.136125,2025-04-02 00:36:33.136125
465,0,109,193,253.06,2024-11-06 00:36:33.136129,2024-12-04 00:36:33.136129
466,45,91,494,422.87,2024-12-08 00:36:33.136132,2025-03-07 00:36:33.136132
467,37,167,272,217.94,2024-12-15 00:36:33.136134,2025-01-05 00:36:33.136134
468,3,107,312,97.88,2024-07-05 00:36:33.136137,2024-10-23 00:36:33.136137
469,11,80,443,590.23,2025-03-08 00:36:33.136140,2025-04-14 00:36:33.136140
470,28,277,430,207.36,2024-09-03 00:36:33.136143,2025-02-15 00:36:33.136143
471,12,48,224,582.16,2025-02-25 00:36:33.136146,2025-03-10 00:36:33.136146
472,44,243,135,314.99,2024-12-09 00:36:33.136148,2025-04-18 00:36:33.136148
473,36,212,325,250.57,2024-07-02 00:36:33.136151,2024-11-15 00:36:33.136151
474,0,254,340,252.7,2024-05-07 00:36:33.136154,2024-08-14 00:36:33.136154
475,5,77,499,963.6,2024-07-24 00:36:33.136157,2025-02-03 00:36:33.136157
476,6,72,226,453.25,2024-06-14 00:36:33.136160,2024-12-06 00:36:33.136160
477,5,33,366,506.39,2025-03-11 00:36:33.136163,2025-03-25 00:36:33.136163
478,24,298,452,524.81,2025-01-01 00:36:33.136166,2025-02-28 00:36:33.136166
479,20,109,213,61.93,2024-09-16 00:36:33.136168,2025-01-28 00:36:33.136168
480,16,45,157,297.86,2024-05-16 00:36:33.136171,2024-10-22 00:36:33.136171
481,37,281,359,823.16,2024-10-28 00:36:33.136174,2025-02-06 00:36:33.136174
482,20,182,457,61.3,2024-08-01 00:36:33.136177,2025-03-22 00:36:33.136177
483,41,165,134,231.54,2024-05-13 00:36:33.136179,2024-10-13 00:36:33.136179
484,19,272,476,396.24,2024-04-25 00:36:33.136182,2024-09-05 00:36:33.136182
485,42,35,319,102.58,2024-07-04 00:36:33.136185,2024-09-27 00:36:33.136185
486,16,150,141,164.08,2024-06-16 00:36:33.136188,2024-06-25 00:36:33.136188
487,7,240,473,851.97,2025-02-27 00:36:33.136190,2025-03-16 00:36:33.136190
488,45,260,411,650.36,2024-05-10 00:36:33.136193,2024-05-10 00:36:33.136193
489,7,183,330,228.62,2025-01-04 00:36:33.136196,2025-03-04 00:36:33.136196
490,26,44,284,74.72,2024-07-08 00:36:33.136199,2025-04-08 00:36:33.136199
491,36,226,140,187.49,2025-02-23 00:36:33.136202,2025-03-03 00:36:33.136202
492,11,28,394,200.56,2024-05-31 00:36:33.136205,2024-09-30 00:36:33.136205
493,47,252,428,956.25,2024-07-03 00:36:33.136208,2024-12-06 00:36:33.136208
494,27,2,498,191.5,2025-01-16 00:36:33.136211,2025-01-19 00:36:33.136211
495,34,222,90,527.41,2024-05-17 00:36:33.136213,2024-10-30 00:36:33.136213
496,8,76,167,145.99,2025-02-26 00:36:33.136216,2025-03-26 00:36:33.136216
497,38,79,342,484.52,2024-09-13 00:36:33.136219,2025-04-10 00:36:33.136219
498,26,170,384,376.25,2024-07-18 00:36:33.136222,2024-09-21 00:36:33.136222
499,36,167,317,977.62,2024-09-16 00:36:33.136225,2024-10-11 00:36:33.136225
500,19,178,384,927.53,2025-01-19 00:36:33.136228,2025-03-28 00:36:33.136228
501,18,228,82,800.91,2024-12-10 00:36:33.136231,2025-01-09 00:36:33.136231
502,42,18,313,42.25,2024-12-12 00:36:33.136234,2025-02-06 00:36:33.136234
503,10,100,159,808.68,2024-11-12 00:36:33.136237,2025-03-14 00:36:33.136237
504,3,207,167,579.32,2024-05-18 00:36:33.136239,2025-02-16 00:36:33.136239
505,13,182,349,396.55,2024-05-12 00:36:33.136242,2025-01-15 00:36:33.136242
506,7,217,391,908.6,2024-12-16 00:36:33.136245,2025-02-06 00:36:33.136245
507,23,163,342,563.5,2024-06-22 00:36:33.136248,2024-06-30 00:36:33.136248
508,19,85,344,346.06,2025-01-19 00:36:33.136251,2025-03-05 00:36:33.136251
509,16,232,425,400.26,2024-12-31 00:36:33.136254,2024-12-31 00:36:33.136254
510,27,55,168,342.03,2024-12-11 00:36:33.136257,2025-03-24 00:36:33.136257
511,37,271,424,98.87,2024-06-19 00:36:33.136260,2025-04-16 00:36:33.136260
512,39,95,95,279.63,2025-04-04 00:36:33.136263,2025-04-08 00:36:33.136263
513,49,152,287,56.07,2025-01-24 00:36:33.136265,2025-02-01 00:36:33.136265
514,33,208,181,686.99,2025-02-26 00:36:33.136268,2025-03-06 00:36:33.136268
515,7,67,297,125.88,2025-01-22 00:36:33.136271,2025-04-04 00:36:33.136271
516,17,138,352,546.87,2024-07-11 00:36:33.136274,2025-02-25 00:36:33.136274
517,28,208,132,85.32,2025-03-14 00:36:33.136277,2025-03-30 00:36:33.136277
518,44,291,221,586.76,2024-12-06 00:36:33.136280,2025-01-10 00:36:33.136280
519,10,203,486,713.15,2024-09-10 00:36:33.136283,2025-01-01 00:36:33.136283
520,21,164,249,968.46,2024-10-04 00:36:33.136285,2024-12-31 00:36:33.136285
521,9,118,367,779.71,2024-07-19 00:36:33.136288,2024-09-25 00:36:33.136288
522,8,46,342,207.55,2024-04-25 00:36:33.136291,2025-04-06 00:36:33.136291
523,49,298,358,621.62,2025-03-10 00:36:33.136294,2025-03-11 00:36:33.136294
524,34,267,284,556.6,2024-10-06 00:36:33.136297,2025-01-22 00:36:33.136297
525,43,18,459,779.34,2024-09-01 00:36:33.136300,2025-03-27 00:36:33.136300
526,31,263,371,53.41,2025-03-10 00:36:33.136302,2025-03-26 00:36:33.136302
527,24,205,282,176.38,2024-10-19 00:36:33.136305,2025-02-10 00:36:33.136305
528,45,230,187,529.78,2025-02-15 00:36:33.136308,2025-02-26 00:36:33.136308
529,36,181,477,78.77,2024-06-08 00:36:33.136311,2025-04-02 00:36:33.136311
530,42,287,295,361.87,2024-06-18 00:36:33.136315,2025-04-06 00:36:33.136315
531,11,218,387,762.68,2025-03-09 00:36:33.136318,2025-04-07 00:36:33.136318
532,24,51,265,921.53,2024-08-11 00:36:33.136321,2024-12-19 00:36:33.136321
533,35,11,156,350.83,2025-01-30 00:36:33.136324,2025-04-13 00:36:33.136324
534,25,157,404,43.96,2024-12-02 00:36:33.136327,2025-02-27 00:36:33.136327
535,45,189,457,627.33,2024-08-05 00:36:33.136330,2024-09-02 00:36:33.136330
536,43,124,116,153.88,2025-01-06 00:36:33.136333,2025-03-17 00:36:33.136333
537,44,56,124,293.22,2024-12-16 00:36:33.136336,2025-01-26 00:36:33.136336
538,5,290,360,566.03,2024-05-18 00:36:33.136338,2025-02-04 00:36:33.136338
539,36,155,252,961.25,2025-01-20 00:36:33.136341,2025-04-14 00:36:33.136341
540,49,251,353,81.86,2025-03-08 00:36:33.136344,2025-04-04 00:36:33.136344
541,19,148,130,665.96,2024-07-29 00:36:33.136347,2025-04-10 00:36:33.136347
542,24,4,124,522.86,2024-06-12 00:36:33.136350,2025-04-08 00:36:33.136350
543,36,72,110,136.65,2024-04-30 00:36:33.136353,2025-04-10 00:36:33.136353
544,23,206,348,496.7,2024-08-25 00:36:33.136356,2025-01-03 00:36:33.136356
545,31,208,345,704.78,2024-07-03 00:36:33.136359,2024-12-28 00:36:33.136359
546,35,113,341,940.04,2025-03-09 00:36:33.136362,2025-04-10 00:36:33.136362
547,20,217,79,769.45,2024-07-15 00:36:33.136365,2025-03-01 00:36:33.136365
548,37,21,490,200.07,2024-12-15 00:36:33.136367,2025-03-17 00:36:33.136367
549,27,273,406,761.54,2024-06-23 00:36:33.136370,2024-08-02 00:36:33.136370
550,31,223,397,837.54,2025-04-07 00:36:33.136373,2025-04-17 00:36:33.136373
551,20,163,135,568.98,2024-10-05 00:36:33.136376,2025-03-03 00:36:33.136376
552,25,138,159,728.67,2024-09-26 00:36:33.136379,2025-03-14 00:36:33.136379
553,23,238,423,151.95,2024-10-12 00:36:33.136381,2025-03-18 00:36:33.136381
554,14,243,410,923.7,2025-01-19 00:36:33.136384,2025-04-13 00:36:33.136384
555,46,94,357,258.23,2025-04-13 00:36:33.136387,2025-04-18 00:36:33.136387
556,48,251,250,609.17,2025-03-04 00:36:33.136390,2025-03-05 00:36:33.136390
557,38,268,301,815.58,2024-10-06 00:36:33.136393,2024-11-13 00:36:33.136393
558,10,200,193,714.21,2025-03-10 00:36:33.136396,2025-04-08 00:36:33.136396
559,22,118,124,476.2,2025-04-04 00:36:33.136398,2025-04-14 00:36:33.136398
560,43,90,435,51.6,2024-10-12 00:36:33.136401,2025-03-12 00:36:33.136401
561,25,190,377,727.6,2025-01-21 00:36:33.136404,2025-03-09 00:36:33.136404
562,14,153,264,724.86,2024-05-19 00:36:33.136407,2024-07-28 00:36:33.136407
563,16,92,112,491.11,2024-12-11 00:36:33.136410,2025-01-17 00:36:33.136410
564,34,293,102,367.63,2024-08-04 00:36:33.136413,2024-10-01 00:36:33.136413
565,21,277,243,706.11,2024-04-25 00:36:33.136416,2024-07-10 00:36:33.136416
566,32,204,313,58.8,2025-01-17 00:36:33.136419,2025-03-19 00:36:33.136419
567,8,149,52,313.56,2025-01-23 00:36:33.136422,2025-04-17 00:36:33.136422
568,40,87,289,423.23,2025-01-18 00:36:33.136425,2025-02-11 00:36:33.136425
569,0,72,186,323.95,2024-11-21 00:36:33.136427,2025-02-02 00:36:33.136427
570,0,1,324,363.92,2024-06-05 00:36:33.136431,2025-03-09 00:36:33.136431
571,29,188,244,930.99,2024-09-10 00:36:33.136433,2024-11-11 00:36:33.136433
572,46,119,348,897.43,2024-08-23 00:36:33.136436,2024-11-03 00:36:33.136436
573,18,267,445,582.46,2024-10-20 00:36:33.136439,2025-02-25 00:36:33.136439
574,46,132,124,101.05,2024-05-21 00:36:33.136442,2024-10-25 00:36:33.136442
575,49,18,189,553.43,2025-02-07 00:36:33.136445,2025-02-22 00:36:33.136445
576,44,256,232,480.65,2024-04-23 00:36:33.136447,2025-02-04 00:36:33.136447
577,26,176,496,550.53,2024-05-28 00:36:33.136450,2024-11-02 00:36:33.136450
578,2,132,458,176.12,2025-01-22 00:36:33.136453,2025-02-27 00:36:33.136453
579,31,100,158,317.95,2024-12-30 00:36:33.136456,2025-01-19 00:36:33.136456
580,44,220,389,78.48,2024-12-09 00:36:33.136459,2025-03-30 00:36:33.136459
581,32,207,490,215.56,2025-02-24 00:36:33.136461,2025-04-02 00:36:33.136461
582,7,100,319,459.02,2024-05-23 00:36:33.136464,2025-04-13 00:36:33.136464
583,25,110,420,305.18,2024-06-08 00:36:33.136467,2025-01-29 00:36:33.136467
584,46,181,296,859.27,2025-01-09 00:36:33.136470,2025-01-13 00:36:33.136470
585,0,19,57,866.01,2024-06-26 00:36:33.136473,2024-10-26 00:36:33.136473
586,21,48,478,964.93,2025-03-17 00:36:33.136475,2025-04-14 00:36:33.136475
587,36,197,242,88.84,2024-06-07 00:36:33.136478,2025-02-11 00:36:33.136478
588,12,43,140,673.77,2024-06-25 00:36:33.136481,2024-10-30 00:36:33.136481
589,12,297,235,926.75,2024-11-27 00:36:33.136484,2025-01-14 00:36:33.136484
590,43,71,236,884.84,2024-07-20 00:36:33.136487,2025-01-18 00:36:33.136487
591,45,203,277,549.76,2024-05-11 00:36:33.136490,2025-03-24 00:36:33.136490
592,24,93,147,423.9,2024-06-28 00:36:33.136493,2024-08-20 00:36:33.136493
593,21,196,124,551.74,2025-01-04 00:36:33.136496,2025-01-11 00:36:33.136496
594,39,259,170,810.21,2024-06-28 00:36:33.136499,2025-03-28 00:36:33.136499
595,38,168,159,15.22,2024-06-16 00:36:33.136502,2024-11-17 00:36:33.136502
596,47,226,377,323.61,2025-01-22 00:36:33.136505,2025-02-25 00:36:33.136505
597,41,257,444,612.85,2024-08-29 00:36:33.136508,2025-01-16 00:36:33.136508
598,14,280,245,122.22,2024-05-28 00:36:33.136511,2024-09-09 00:36:33.136511
599,9,207,143,73.43,2024-10-05 00:36:33.136514,2024-12-24 00:36:33.136514
600,25,39,273,586.18,2024-06-10 00:36:33.136516,2024-09-03 00:36:33.136516
601,24,281,287,60.47,2024-12-30 00:36:33.136519,2025-02-16 00:36:33.136519
602,36,219,275,298.78,2024-05-14 00:36:33.136522,2024-09-21 00:36:33.136522
603,29,141,240,238.36,2024-11-21 00:36:33.136525,2025-03-14 00:36:33.136525
604,44,289,54,490.49,2025-01-27 00:36:33.136528,2025-03-13 00:36:33.136528
605,0,148,235,709.05,2024-08-06 00:36:33.136531,2025-01-15 00:36:33.136531
606,22,100,217,218.22,2025-02-16 00:36:33.136534,2025-02-25 00:36:33.136534
607,28,114,273,552.64,2024-07-16 00:36:33.136536,2024-12-31 00:36:33.136536
608,31,3,66,839.87,2024-07-04 00:36:33.136539,2025-01-04 00:36:33.136539
609,32,237,361,98.36,2024-11-12 00:36:33.136542,2025-04-12 00:36:33.136542
610,40,34,299,290.63,2024-08-03 00:36:33.136545,2024-10-23 00:36:33.136545
611,23,184,126,391.29,2024-10-25 00:36:33.136548,2025-04-08 00:36:33.136548
612,25,80,223,423.44,2024-04-26 00:36:33.136551,2025-01-05 00:36:33.136551
613,36,251,177,896.59,2024-07-12 00:36:33.136553,2025-04-18 00:36:33.136553
614,49,100,440,902.31,2024-08-31 00:36:33.136556,2025-01-17 00:36:33.136556
615,49,36,102,718.01,2024-08-07 00:36:33.136559,2024-12-30 00:36:33.136559
616,33,163,87,100.37,2024-07-25 00:36:33.136562,2025-02-17 00:36:33.136562
617,28,264,288,815.56,2024-10-19 00:36:33.136565,2025-01-05 00:36:33.136565
618,34,272,211,825.14,2024-09-01 00:36:33.136567,2025-01-04 00:36:33.136567
619,41,44,142,177.69,2024-07-04 00:36:33.136570,2025-04-15 00:36:33.136570
620,12,216,151,99.63,2024-07-13 00:36:33.136574,2024-11-30 00:36:33.136574
621,26,33,463,320.54,2024-09-28 00:36:33.136578,2025-02-09 00:36:33.136578
622,35,251,101,273.59,2025-03-06 00:36:33.136580,2025-03-10 00:36:33.136580
623,3,62,428,784.6,2024-09-24 00:36:33.136583,2024-10-30 00:36:33.136583
624,39,70,60,56.26,2024-08-18 00:36:33.136586,2025-03-15 00:36:33.136586
625,27,114,476,146.22,2025-01-31 00:36:33.136589,2025-03-24 00:36:33.136589
626,43,139,445,190.85,2024-08-06 00:36:33.136592,2024-10-31 00:36:33.136592
627,29,134,297,936.42,2024-12-23 00:36:33.136595,2025-01-08 00:36:33.136595
628,49,216,394,414.78,2024-07-02 00:36:33.136598,2024-12-13 00:36:33.136598
629,34,269,216,747.18,2024-08-21 00:36:33.136601,2024-12-11 00:36:33.136601
630,8,28,66,648.0,2024-08-19 00:36:33.136604,2025-01-31 00:36:33.136604
631,47,71,397,788.33,2024-11-27 00:36:33.136606,2025-03-26 00:36:33.136606
632,8,134,405,89.54,2024-12-30 00:36:33.136609,2025-01-04 00:36:33.136609
633,18,299,245,756.63,2024-11-03 00:36:33.136613,2024-12-13 00:36:33.136613
634,19,213,464,689.99,2024-07-07 00:36:33.136615,2024-11-15 00:36:33.136615
635,39,180,259,821.74,2025-03-18 00:36:33.136618,2025-03-23 00:36:33.136618
636,8,12,179,445.54,2024-07-29 00:36:33.136621,2025-01-03 00:36:33.136621
637,4,11,196,31.77,2024-08-14 00:36:33.136624,2024-08-19 00:36:33.136624
638,1,252,298,697.24,2024-10-26 00:36:33.136627,2024-10-29 00:36:33.136627
639,20,28,477,580.02,2024-08-08 00:36:33.136630,2025-03-24 00:36:33.136630
640,33,267,67,55.99,2025-03-06 00:36:33.136633,2025-03-11 00:36:33.136633
641,31,219,413,884.76,2024-10-05 00:36:33.136636,2025-01-19 00:36:33.136636
642,7,129,406,206.73,2024-12-22 00:36:33.136638,2025-04-10 00:36:33.136638
643,28,140,246,513.3,2024-09-30 00:36:33.136641,2025-01-08 00:36:33.136641
644,2,73,140,406.66,2024-12-16 00:36:33.136644,2025-01-17 00:36:33.136644
645,7,72,323,624.93,2024-12-07 00:36:33.136647,2025-02-11 00:36:33.136647
646,47,142,145,530.6,2024-06-02 00:36:33.136649,2025-02-03 00:36:33.136649
647,29,62,166,645.25,2025-02-09 00:36:33.136652,2025-03-17 00:36:33.136652
648,2,34,433,899.34,2025-02-24 00:36:33.136655,2025-03-13 00:36:33.136655
649,27,280,259,142.52,2024-08-24 00:36:33.136658,2024-09-10 00:36:33.136658
650,37,51,360,822.56,2024-10-29 00:36:33.136661,2024-11-12 00:36:33.136661
651,16,73,349,619.08,2024-09-23 00:36:33.136663,2024-12-28 00:36:33.136663
652,13,149,402,13.94,2025-01-16 00:36:33.136666,2025-03-16 00:36:33.136666
653,41,129,390,139.32,2025-03-10 00:36:33.136669,2025-03-18 00:36:33.136669
654,16,14,497,727.94,2025-01-17 00:36:33.136671,2025-04-04 00:36:33.136671
655,34,218,254,859.58,2024-07-29 00:36:33.136674,2024-11-08 00:36:33.136674
656,22,192,470,907.39,2024-12-23 00:36:33.136677,2025-03-23 00:36:33.136677
657,37,7,58,648.37,2024-10-14 00:36:33.136680,2024-12-25 00:36:33.136680
658,39,135,134,341.95,2025-01-17 00:36:33.136682,2025-03-29 00:36:33.136682
659,30,137,295,491.54,2024-12-24 00:36:33.136685,2025-01-17 00:36:33.136685
660,38,43,317,443.92,2024-07-03 00:36:33.136688,2025-01-12 00:36:33.136688
661,12,152,486,503.38,2024-06-27 00:36:33.136690,2024-11-04 00:36:33.136690
662,35,91,174,999.85,2024-07-07 00:36:33.136693,2024-09-21 00:36:33.136693
663,8,152,215,938.77,2024-07-04 00:36:33.136696,2025-02-04 00:36:33.136696
664,17,124,468,527.64,2024-12-05 00:36:33.136698,2024-12-06 00:36:33.136698
665,14,156,386,447.8,2024-10-06 00:36:33.136701,2024-12-23 00:36:33.136701
666,1,295,359,229.05,2024-06-25 00:36:33.136704,2024-11-29 00:36:33.136704
667,27,187,367,866.06,2024-09-05 00:36:33.136707,2025-01-29 00:36:33.136707
668,46,38,326,666.05,2024-11-13 00:36:33.136709,2025-02-13 00:36:33.136709
669,31,229,396,271.65,2024-09-12 00:36:33.136712,2025-01-15 00:36:33.136712
670,13,36,296,333.96,2025-01-29 00:36:33.136715,2025-04-07 00:36:33.136715
671,45,139,441,354.31,2024-08-14 00:36:33.136717,2024-09-30 00:36:33.136717
672,33,5,348,423.86,2025-04-09 00:36:33.136720,2025-04-09 00:36:33.136720
673,5,29,381,977.47,2024-10-10 00:36:33.136723,2025-03-12 00:36:33.136723
674,47,249,216,188.84,2024-08-01 00:36:33.136726,2025-03-25 00:36:33.136726
675,20,186,184,731.73,2024-05-08 00:36:33.136728,2024-07-01 00:36:33.136728
676,42,132,101,719.2,2025-01-25 00:36:33.136731,2025-03-16 00:36:33.136731
677,44,77,393,377.11,2024-07-24 00:36:33.136734,2024-08-02 00:36:33.136734
678,27,8,471,106.32,2024-06-22 00:36:33.136737,2024-09-25 00:36:33.136737
679,34,221,158,272.27,2024-08-14 00:36:33.136740,2024-10-31 00:36:33.136740
680,23,181,419,542.14,2024-10-19 00:36:33.136743,2025-02-09 00:36:33.136743
681,21,83,164,599.96,2024-12-25 00:36:33.136746,2024-12-26 00:36:33.136746
682,9,52,223,303.03,2025-03-26 00:36:33.136749,2025-04-02 00:36:33.136749
683,34,25,480,426.5,2024-06-15 00:36:33.136751,2024-11-11 00:36:33.136751
684,15,217,316,999.03,2025-01-15 00:36:33.136754,2025-03-20 00:36:33.136754
685,5,50,91,927.19,2024-06-29 00:36:33.136757,2024-10-16 00:36:33.136757
686,27,235,388,505.01,2025-02-21 00:36:33.136760,2025-04-05 00:36:33.136760
687,12,299,163,315.4,2025-04-17 00:36:33.136762,2025-04-18 00:36:33.136762
688,10,189,195,586.02,2024-12-12 00:36:33.136765,2025-02-27 00:36:33.136765
689,24,264,289,478.93,2024-12-14 00:36:33.136768,2025-04-14 00:36:33.136768
690,45,93,238,465.44,2025-02-13 00:36:33.136772,2025-04-17 00:36:33.136772
691,18,196,353,969.94,2025-02-14 00:36:33.136775,2025-04-04 00:36:33.136775
692,29,9,149,966.99,2024-10-20 00:36:33.136778,2025-01-31 00:36:33.136778
693,13,50,133,564.17,2024-12-30 00:36:33.136780,2025-04-14 00:36:33.136780
694,44,160,126,588.5,2025-03-26 00:36:33.136783,2025-03-26 00:36:33.136783
695,40,153,376,476.1,2024-11-11 00:36:33.136786,2025-03-08 00:36:33.136786
696,29,119,283,32.92,2024-06-04 00:36:33.136789,2024-07-26 00:36:33.136789
697,19,94,129,405.01,2025-03-09 00:36:33.136791,2025-03-10 00:36:33.136791
698,38,45,259,499.35,2024-08-26 00:36:33.136794,2025-02-04 00:36:33.136794
699,35,72,138,257.35,2024-04-30 00:36:33.136797,2024-07-09 00:36:33.136797
700,10,138,106,31.12,2024-07-30 00:36:33.136800,2024-12-04 00:36:33.136800
701,36,84,144,191.38,2024-05-28 00:36:33.136803,2024-11-06 00:36:33.136803
702,22,33,456,203.43,2025-03-03 00:36:33.136806,2025-03-07 00:36:33.136806
703,21,51,315,905.03,2025-03-09 00:36:33.136809,2025-04-13 00:36:33.136809
704,30,223,149,79.55,2025-02-17 00:36:33.136811,2025-03-05 00:36:33.136811
705,44,283,202,436.26,2024-11-09 00:36:33.136814,2024-11-20 00:36:33.136814
706,7,85,380,701.59,2025-01-22 00:36:33.136817,2025-03-24 00:36:33.136817
707,33,73,455,483.69,2025-03-23 00:36:33.136820,2025-04-05 00:36:33.136820
708,20,212,320,954.44,2024-10-03 00:36:33.136823,2024-11-24 00:36:33.136823
709,13,229,422,816.99,2024-06-16 00:36:33.136825,2025-02-28 00:36:33.136825
710,20,108,394,784.48,2024-08-31 00:36:33.136828,2025-03-06 00:36:33.136828
711,38,266,251,838.83,2025-04-13 00:36:33.136831,2025-04-13 00:36:33.136831
712,39,26,83,345.65,2025-01-07 00:36:33.136834,2025-01-15 00:36:33.136834
713,48,212,292,15.35,2024-09-26 00:36:33.136836,2024-12-25 00:36:33.136836
714,14,250,80,254.23,2025-02-24 00:36:33.136839,2025-03-31 00:36:33.136839
715,47,12,489,956.7,2024-05-22 00:36:33.136842,2024-07-28 00:36:33.136842
716,48,253,217,393.83,2025-01-25 00:36:33.136845,2025-04-09 00:36:33.136845
717,4,172,296,95.04,2025-04-18 00:36:33.136847,2025-04-18 00:36:33.136847
718,49,277,245,882.82,2024-12-17 00:36:33.136850,2025-03-30 00:36:33.136850
719,11,251,289,788.8,2024-12-16 00:36:33.136853,2025-02-27 00:36:33.136853
720,2,153,143,709.2,2024-12-17 00:36:33.136857,2025-04-01 00:36:33.136857
721,41,106,178,641.22,2024-10-12 00:36:33.136859,2025-03-15 00:36:33.136859
722,29,84,64,854.35,2024-10-15 00:36:33.136863,2024-12-09 00:36:33.136863
723,15,283,157,689.73,2024-12-18 00:36:33.136865,2025-01-04 00:36:33.136865
724,10,82,313,236.19,2024-06-09 00:36:33.136868,2024-06-19 00:36:33.136868
725,21,88,328,988.19,2024-11-15 00:36:33.136871,2025-02-06 00:36:33.136871
726,10,298,294,376.59,2024-05-05 00:36:33.136874,2024-12-06 00:36:33.136874
727,8,218,233,727.37,2024-10-04 00:36:33.136877,2025-04-03 00:36:33.136877
728,18,70,286,679.82,2025-02-12 00:36:33.136880,2025-03-09 00:36:33.136880
729,11,15,86,343.15,2024-11-21 00:36:33.136882,2025-02-11 00:36:33.136882
730,15,139,487,623.27,2025-01-30 00:36:33.136885,2025-03-12 00:36:33.136885
731,21,101,400,362.22,2024-10-04 00:36:33.136888,2025-03-12 00:36:33.136888
732,22,176,318,715.05,2024-10-18 00:36:33.136891,2025-03-26 00:36:33.136891
733,17,28,294,641.7,2024-09-08 00:36:33.136893,2024-09-26 00:36:33.136893
734,45,234,474,735.01,2024-10-23 00:36:33.136896,2025-03-04 00:36:33.136896
735,32,67,299,867.28,2024-05-07 00:36:33.136899,2024-09-26 00:36:33.136899
736,14,23,405,100.77,2024-10-28 00:36:33.136902,2024-12-19 00:36:33.136902
737,37,93,157,645.13,2024-05-31 00:36:33.136904,2024-07-12 00:36:33.136904
738,10,232,195,596.81,2024-10-30 00:36:33.136907,2025-01-31 00:36:33.136907
739,29,109,463,123.03,2024-06-20 00:36:33.136910,2025-01-07 00:36:33.136910
740,18,140,486,573.46,2025-02-05 00:36:33.136912,2025-02-26 00:36:33.136912
741,39,47,347,164.24,2024-06-23 00:36:33.136915,2025-01-12 00:36:33.136915
742,29,97,387,661.5,2025-02-18 00:36:33.136918,2025-04-07 00:36:33.136918
743,45,190,186,488.25,2025-04-08 00:36:33.136921,2025-04-18 00:36:33.136921
744,15,58,70,719.49,2024-12-18 00:36:33.136923,2025-01-31 00:36:33.136923
745,3,201,334,387.14,2025-01-02 00:36:33.136926,2025-03-09 00:36:33.136926
746,25,276,281,22.44,2024-06-30 00:36:33.136929,2025-03-19 00:36:33.136929
747,36,2,354,900.5,2024-05-11 00:36:33.136932,2024-11-25 00:36:33.136932
748,35,136,465,476.77,2025-03-09 00:36:33.136934,2025-04-12 00:36:33.136934
749,13,297,459,162.96,2025-04-12 00:36:33.136937,2025-04-18 00:36:33.136937
750,20,145,427,986.95,2024-07-13 00:36:33.136940,2025-01-13 00:36:33.136940
751,44,21,312,724.89,2024-08-07 00:36:33.136943,2025-04-18 00:36:33.136943
752,13,196,157,60.68,2024-09-02 00:36:33.136945,2024-12-08 00:36:33.136945
753,7,279,124,784.47,2024-04-26 00:36:33.136948,2024-12-21 00:36:33.136948
754,14,87,298,840.84,2025-02-06 00:36:33.136951,2025-04-05 00:36:33.136951
755,20,86,136,675.4,2025-01-26 00:36:33.136954,2025-04-01 00:36:33.136954
756,28,279,410,950.2,2025-03-28 00:36:33.136957,2025-04-01 00:36:33.136957
757,14,241,422,777.55,2024-12-13 00:36:33.137910,2025-01-01 00:36:33.137910
758,43,109,312,877.6,2024-07-22 00:36:33.137914,2024-09-14 00:36:33.137914
759,39,193,148,601.0,2025-01-09 00:36:33.137916,2025-02-08 00:36:33.137916
760,19,280,70,856.27,2024-11-14 00:36:33.137919,2025-03-18 00:36:33.137919
761,24,94,344,458.51,2024-06-05 00:36:33.137922,2025-01-10 00:36:33.137922
762,22,39,481,145.28,2025-03-08 00:36:33.137925,2025-03-20 00:36:33.137925
763,41,77,218,794.24,2024-05-13 00:36:33.137928,2024-10-24 00:36:33.137928
764,21,244,189,887.2,2024-11-24 00:36:33.137930,2025-02-06 00:36:33.137930
765,18,257,276,533.18,2024-09-18 00:36:33.137933,2025-02-14 00:36:33.137933
766,21,153,494,189.35,2024-04-24 00:36:33.137936,2024-08-11 00:36:33.137936
767,30,88,152,605.87,2024-07-26 00:36:33.137938,2025-01-02 00:36:33.137938
768,2,164,81,79.09,2024-07-30 00:36:33.137941,2024-08-31 00:36:33.137941
769,12,72,206,686.66,2024-04-27 00:36:33.137943,2024-08-21 00:36:33.137943
770,29,20,91,273.57,2025-01-11 00:36:33.137946,2025-03-09 00:36:33.137946
771,38,102,147,383.45,2024-10-23 00:36:33.137949,2025-02-16 00:36:33.137949
772,48,70,269,154.13,2024-07-07 00:36:33.137951,2024-10-17 00:36:33.137951
773,4,247,214,877.24,2024-06-16 00:36:33.137954,2024-07-24 00:36:33.137954
774,40,249,313,557.26,2025-01-21 00:36:33.137956,2025-04-10 00:36:33.137956
775,33,75,470,132.22,2024-06-06 00:36:33.137959,2024-07-20 00:36:33.137959
776,13,189,343,471.04,2024-07-13 00:36:33.137961,2024-08-25 00:36:33.137961
777,25,217,197,800.48,2025-04-11 00:36:33.137964,2025-04-18 00:36:33.137964
778,22,3,257,37.07,2024-05-16 00:36:33.137966,2024-12-13 00:36:33.137966
779,25,0,232,74.52,2024-10-10 00:36:33.137969,2025-02-03 00:36:33.137969
780,41,40,206,29.74,2025-01-26 00:36:33.137971,2025-02-20 00:36:33.137971
781,18,218,259,920.09,2024-12-03 00:36:33.137974,2025-01-14 00:36:33.137974
782,24,91,211,772.18,2024-12-25 00:36:33.137977,2025-04-07 00:36:33.137977
783,44,280,402,435.94,2024-07-21 00:36:33.137979,2025-03-04 00:36:33.137979
784,8,120,332,584.61,2024-06-10 00:36:33.137982,2025-03-11 00:36:33.137982
785,27,226,128,467.52,2024-09-23 00:36:33.137984,2024-11-11 00:36:33.137984
786,24,14,188,120.81,2024-07-08 00:36:33.137987,2024-07-27 00:36:33.137987
787,37,67,140,439.93,2025-04-06 00:36:33.137989,2025-04-11 00:36:33.137989
788,3,280,437,536.87,2024-06-13 00:36:33.137992,2024-09-16 00:36:33.137992
789,37,249,439,165.52,2024-07-18 00:36:33.137994,2024-11-20 00:36:33.137994
790,1,229,265,471.33,2024-04-26 00:36:33.137997,2025-01-12 00:36:33.137997
791,37,254,226,720.71,2024-07-03 00:36:33.137999,2024-09-02 00:36:33.137999
792,35,185,241,704.05,2024-12-05 00:36:33.138002,2025-01-09 00:36:33.138002
793,44,146,350,343.17,2025-01-14 00:36:33.138004,2025-03-19 00:36:33.138004
794,33,53,417,555.01,2024-05-09 00:36:33.138007,2024-07-11 00:36:33.138007
795,40,210,50,417.49,2024-09-01 00:36:33.138009,2025-03-04 00:36:33.138009
796,6,126,302,875.59,2024-06-08 00:36:33.138012,2024-11-19 00:36:33.138012
797,32,143,275,736.31,2024-09-17 00:36:33.138015,2024-12-31 00:36:33.138015
798,15,229,474,462.91,2024-06-29 00:36:33.138018,2024-12-04 00:36:33.138018
799,23,60,160,349.44,2025-01-02 00:36:33.138020,2025-04-03 00:36:33.138020
